giaphong,dientich,vido,kinhdo,loai,drmd,kcdc,loaiwc,tiennghi,thuantien
2600000,26.0,21.0506076,105.7909724,nhatang,3.2,350.0,khepkin,8,6
3500000,25.0,21.0764867,105.8147999,ccmn,4.8,5.0,khepkin,13,9
3700000,25.0,21.0695076,105.8378366,Ccmm,3.0,400.0,khepkin,14,10
3300000,25.0,20.9911163,105.8483697,ccmn,2.1,150.0,khepkin,13,8
3000000,40.0,21.0232535,105.7741861,ccmn,2.3,400.0,khepkin,12,10
2000000,35.0,21.0840545,105.9036039,nhatang,3.2,5.0,khepkin,6,5
3500000,25.0,21.0550926,105.8088761,Ccmm,3.6,100.0,khepkin,14,10
2000000,28.0,21.009421,105.867881,Nhatang,4.3,38.2,Khepkin,2,6
3500000,30.0,21.067852,105.792677,ccmn,3.8,126.2,Khepkin,9,6
3000000,25.0,21.024281,105.773911,ccmn,6.3,2.5,Khepkin,6,5
1500000,12.0,20.984578,105.793788,nhatang,9.9,4.0,Khepkin,5,8
3600000,30.0,20.978783,105.791615,nhatang,3.2,3.0,Khepkin,8,9
3200000,25.0,20.980013,105.822345,nhatang,4.1,79.7,Khepkin,6,6
2000000,30.0,21.001042,105.75059,nhacap,6.0,6.8,Khepkin,4,7
1800000,22.0,20.961316,105.839269,nhacap,1.9,155.3,kkk,1,4
1300000,15.0,20.955716,105.842076,nhacap,2.8,129.9,kkk,2,4
2000000,23.0,21.089065,105.792758,nhatang,2.2,104.1,khepkin,8,4
6000000,60.0,21.072514,105.813674,nhatang,2.1,78.0,kkk,6,10
3000000,19.0,21.003608,105.846088,nhatang,4.9,117.8,kkk,6,10
3900000,30.0,20.990801,105.81546,nhatang,4.0,180.6,Khepkin,10,8
2500000,25.0,20.986776,105.814256,nhacap,1.8,32.5,khepkin,8,3
1500000,10.0,21.045116,105.783296,nhatang,3.8,103.2,khepkin,7,5
1700000,15.0,21.017537,105.829508,nhatang,7.0,2.5,khepkin,4,7
2000000,15.0,21.010923,105.822308,nhatang,6.5,3.0,khepkin,6,5
2000000,15.0,21.034139,105.831339,nhacap,1.7,40.0,khepkin,9,3
1200000,48.0,20.986503,105.861114,nhatang,7.2,3.0,khepkin,6,6
1400000,20.0,21.054054,105.863196,nhacap,2.8,205.0,khepkin,1,2
2800000,21.0,20.99252,105.851992,nhatang,1.9,23.6,khepkin,5,4
2000000,15.0,21.023228,105.807653,nhatang,5.2,2.0,khepkin,11,6
2600000,25.0,21.043236,105.7500777,nhatang,2.1,42.7,khepkin,7,5
1700000,18.0,20.983614,105.8433353,nhacap,1.8,5.0,khepkin,1,6
2500000,25.0,20.963951,105.763638,nhacap,2.4,54.0,khepkin,7,6
1850000,10.0,20.9866488,105.793784,nhatang,2.9,20.2,khepkin,2,7
3500000,40.0,20.998522,105.811098,nhatang,1.8,37.2,khepkin,4,5
2300000,40.0,21.023148,105.834683,nhatang,1.9,75.6,khepkin,1,2
2000000,20.0,20.96953,105.822997,nhatang,2.7,72.7,khepkin,6,4
3700000,24.0,21.024536,105.825177,nhatang,1.9,188.0,khepkin,10,8
3500000,25.0,21.076258,105.81529,ccmn,12.0,2.0,khepkin,10,5
2800000,28.0,20.994409,105.776969,ccmn,4.5,49.7,khepkin,5,6
1400000,14.0,21.004622,105.850164,nhatang,2.4,93.11,kkk,3,4
3000000,25.0,21.005821,105.782432,ccmn,4.6,15.4,khepkin,4,2
3400000,23.0,20.9807766,105.804173,Nhatang,2.8,600.0,Khepkin,11,7
1100000,32.0,20.9948117,105.7901626,Nhacap,2.4,150.0,kkk,8,4
2700000,20.0,21.035935,105.8099499,Nhatang,2.6,400.0,Khepkin,4,6
3000000,18.0,20.9863393,105.8635604,Nhatang,2.6,300.0,Khepkin,8,6
6000000,50.0,21.0071817,105.8211972,Ccmn,2.8,200.0,Khepkin,12,7
3000000,15.0,21.0046193,105.8328982,Nhatang,2.6,130.0,Khepkin,9,7
800000,18.0,21.121204,105.83043,Nhacap,1.8,500.0,Khepkin,3,4
4000000,30.0,21.0270708,105.7731158,Ccmn,2.8,600.0,Khepkin,12,6
3000000,30.0,21.0047418,105.8697377,Nhatang,2.6,100.0,Khepkin,10,6
3200000,20.0,20.9860933,105.7983636,Nhatang,2.4,150.0,Khepkin,12,7
6800000,60.0,21.0085402,105.8076912,Ccmn,2.4,200.0,Khepkin,15,9
2800000,18.0,21.0180243,105.7757127,Nhatang,1.8,350.0,kkk,12,8
1500000,20.0,21.0764178,105.9023035,Nhatang,2.0,800.0,kkk,5,4
1500000,12.0,20.9924766,105.8255307,Nhacap,2.0,1000.0,kkk,7,6
3900000,25.0,21.0325493,105.8268459,Nhatang,2.8,35.0,Khepkin,14,8
3000000,50.0,20.9940564,105.9377185,Ccmn,3.4,500.0,Khepkin,12,5
2800000,25.0,20.9964269,105.8218641,Nhatang,3.2,450.0,Kkk,11,6
4000000,39.0,21.0323732,105.8095708,Nhatang,2.0,106.0,Khepkin,12,7
2800000,28.0,20.994115,105.776873,ccmn,4.2,20.15,khepkin,3,2
4000000,30.0,21.008353,105.781992,ccmn,12.9,1.0,khepkin,5,4
4000000,35.0,21.060271,105.83619,nhatang,2.8,218.0,khepkin,8,5
2800000,18.0,21.005737,105.782281,nhatang,4.6,35.3,khepkin,4,2
3300000,25.0,21.008978,105.796913,nhatang,3.9,18.5,khepkin,4,4
4300000,40.0,21.018764,105.775766,nhatang,4.9,86.92,khepkin,6,3
4200000,35.0,21.008492,105.782172,nhatang,12.9,1.0,khepkin,5,4
2000000,34.0,21.02320596565,105.8968488932307,nhatang,2.2,51.3,khepkin,1,4
3500000,36.0,20.9904792404,105.81823673141852,nhatang,2.4,73.63,khepkin,6,3
2500000,30.0,20.99599990521,105.84897338496656,nhatang,2.1,2.0,khepkin,2,1
4000000,35.0,20.99883601848,105.8708469269406,nhatang,3.3,52.6,khepkin,1,2
3500000,45.0,20.97665789546,105.82391994946568,nhatang,2.3,56.0,khepkin,5,1
3000000,30.0,20.97007390794,105.78976855219024,nhatang,3.6,5.8,khepkin,9,3
900000,15.0,21.029456,105.775094,nhacap,3.5,5.0,kkk,1,0
4300000,40.0,21.008818,105.781849,ccmn,5.5,46.0,khepkin,5,4
3000000,20.0,21.000693,105.8194,nhatang,3.7,73.5,khepkin,6,3
6600000,50.0,21.012272,105.807062,nhatang,4.5,37.5,khepkin,10,8
3500000,30.0,20.96347,105.788393,nhatang,5.2,20.0,khepkin,4,2
3400000,25.0,21.052268,105.811574,nhatang,4.8,87.0,khepkin,10,10
2800000,25.0,20.988254,105.836774,ccmn,3.5,25.0,kkk,4,3
2500000,20.0,20.991376,105.817363,nhatang,4.18,5.0,kkk,2,3
2800000,15.0,20.990847,105.831857,nhatang,4.1,37.0,khepkin,4,2
2700000,15.0,20.990847,105.831857,nhatang,4.1,100.79,khepkin,4,2
3600000,28.0,21.008912,105.796743,nhatang,3.5,23.0,khepkin,5,4
2770000,15.0,20.990847,105.831857,nhatang,4.1,100.79,khepkin,8,2
3000000,30.0,21.014343,105.849397,nhatang,3.5,11.5,khepkin,4,3
3500000,28.0,21.028082,105.795364,nhatang,3.5,15.0,khepkin,5,2
3500000,25.0,20.9874843,105.8124835,ccmn,4.0,50.0,khepkin,5,4
2800000,20.0,20.9697318,105.7884985,nhatang,5.57,5.0,khepkin,6,4
3500000,30.0,21.0301539,105.7742632,nhatang,6.16,3.0,khepkin,7,3
5000000,35.0,21.010324,105.777446,ccmn,4.8,50.0,khepkin,8,5
3300000,28.0,20.994409,105.776969,ccmn,5.4,49.7,khepkin,10,10
2800000,30.0,20.999623,105.824757,nhatang,3.0,40.0,khepkin,4,3
2900000,30.0,20.999623,105.824757,nhatang,3.7,40.0,khepkin,6,3
3500000,30.0,20.995139,105.816691,nhatang,5.0,70.0,khepkin,4,5
2500000,15.0,21.020601,105.828399,nhatang,3.5,50.0,khepkin,5,2
2300000,28.0,20.994409,105.776969,ccmn,2.5,153.8,khepkin,5,6
3600000,30.0,21.03511,105.799681,ccmn,3.8,50.0,khepkin,9,5
2800000,30.0,20.999623,105.824757,nhatang,3.7,30.0,khepkin,8,7
2000000,15.0,20.984757,105.876218,nhatang,3.0,84.0,kkk,3,2
3500000,27.0,21.078894,105.816791,nhatang,3.9,40.0,khepkin,10,5
2300000,23.0,20.964932,105.767329,nhatang,5.2,43.2,khepkin,8,3
3100000,35.0,20.998955,105.824653,nhatang,4.0,50.0,khepkin,4,5
2700000,25.0,21.0713783,105.7953947,nhatang,3.3,105.12,khepkin,2,3
3500000,25.0,21.01635,105.8048,Nhatang,2.7,51.9,Khepkin,4,7
2700000,15.0,21.050267,105.790952,nhatang,6.3,40.0,khepkin,2,3
2400000,25.5,21.051109,105.79055,nhatang,5.6,85.0,khepkin,4,3
900000,14.0,21.0538868,105.7876175,nhacap,3.2,120.0,kkk,1,1
4200000,42.0,21.053614,105.788117,nhatang,7.8,5.0,khepkin,3,2
4100000,42.0,21.053614,105.788117,nhatang,7.8,79.31,khepkin,3,2
2600000,16.0,21.0565362,105.7843483,nhatang,7.8,5.0,khepkin,4,2
4500000,42.0,21.053614,105.788117,nhatang,7.8,5.0,khepkin,8,2
5700000,50.0,21.012272,105.807062,nhatang,3.9,250.0,khepkin,10,8
2000000,20.0,21.057599,105.78522,nhatang,3.7,130.0,khepkin,4,2
1500000,18.0,21.058918,105.784535,nhatang,2.8,120.0,khepkin,1,3
2200000,26.0,21.053792,105.786237,nhatang,2.5,87.0,khepkin,1,3
1500000,19.0,21.058934,105.784545,nhatang,2.8,120.0,khepkin,3,2
2500000,20.0,21.05136,105.789157,nhatang,5.5,20.0,khepkin,2,4
3000000,25.0,20.979702,105.780597,nhatang,3.6,90.23,khepkin,5,3
3200000,25.0,20.979614,105.780206,nhatang,3.6,23.23,khepkin,4,4
2500000,14.0,20.976478,105.780946,nhatang,3.2,60.4,khepkin,4,1
6500000,70.0,20.9867708,105.7801399,nhatang,6.3,10.5,khepkin,2,2
4200000,40.0,20.980082,105.779856,nhatang,3.2,12.5,khepkin,4,3
3200000,20.0,20.979588,105.780113,nhatang,2.1,20.5,khepkin,5,4
2900000,25.0,20.979614,105.780206,nhacap,3.6,100.23,khepkin,4,4
1500000,9.0,20.9806809,105.77902316,nhatang,5.4,10.5,khepkin,1,1
4500000,50.0,21.040638,105.80851,nhatang,6.2,128.0,kkk,5,4
2900000,27.0,21.037411,105.808723,nhatang,6.6,168.0,khepkin,5,4
1800000,18.0,21.034672,105.805896,nhatang,7.2,10.0,khepkin,5,5
1400000,12.0,21.050572,105.770793,nhatang,5.3,2.0,kkk,8,7
3100000,25.0,20.979614,105.780206,nhatang,3.6,100.23,khepkin,4,4
1700000,20.0,21.034901,105.807191,nhatang,3.5,10.0,khepkin,3,4
2200000,25.0,21.032822,105.804689,nhatang,4.3,20.56,khepkin,2,5
2200000,18.0,21.041531,105.806798,nhatang,9.2,5.0,khepkin,5,4
2000000,25.0,21.050085,105.810452,nhatang,2.7,242.0,kkk,1,3
3400000,30.0,20.9798652,105.7785912,ccmn,2.7,242.0,khepkin,5,5
3500000,25.0,20.979614,105.780206,nhatang,4.3,23.23,khepkin,6,4
3400000,30.0,20.9755388,105.7863626,ccmn,2.7,242.0,khepkin,5,5
3800000,60.0,20.989358,105.773396,nhatang,5.8,479.93,khepkin,2,2
1400000,17.0,20.984083,105.768282,ccmn,3.4,77.96,khepkin,4,2
1600000,20.0,20.97426,105.764257,ccmn,5.0,318.0,khepkin,2,3
4800000,50.0,21.012272,105.807062,nhacap,2.3,369.0,khepkin,10,8
1500000,20.0,20.97426,105.764257,ccmn,5.09,318.0,khepkin,2,3
1600000,25.0,20.978694,105.774148,nhatang,4.42,242.0,khepkin,2,2
1600000,25.0,20.978694,105.774148,nhatang,4.42,242.0,khepkin,2,2
1200000,15.0,20.995255,105.819164,ccmn,2.7,169.62,khepkin,2,2
2500000,20.0,20.9880064,105.8183255,nhatang,3.9,120.7,khepkin,5,2
2700000,26.0,20.993895,105.817199,nhatang,2.7,242.0,khepkin,5,5
2900000,25.0,21.01635,105.8048,Nhatang,2.7,182.0,kkk,4,5
1400000,25.0,20.978694,105.774148,nhacap,4.42,242.0,khepkin,2,2
1700000,20.0,20.9887717,105.8180319,nhatang,2.8,218.21,khepkin,4,3
2800000,26.0,20.990328,105.817969,nhatang,3.4,20.8,kkk,3,4
3000000,32.0,20.990688,105.818072,nhatang,3.4,89.67,kkk,2,4
3700000,25.0,21.052268,105.811574,ccmn,4.8,24.0,khepkin,10,10
1700000,14.0,20.991049,105.818024,nhatang,2.6,98.6,khepkin,3,2
1600000,14.0,21.049571,105.770051,nhatang,5.27,2.0,khepkin,8,6
1600000,20.0,20.991627,105.819112,nhatang,2.2,298.0,khepkin,5,3
1300000,12.0,20.992227,105.820309,ccmn,2.3,209.75,khepkin,1,2
1500000,12.0,20.992245,105.818293,ccmn,2.75,180.0,khepkin,1,2
2000000,13.0,20.987522,105.819412,nhatang,3.8,72.8,khepkin,4,2
1200000,12.0,20.992233,105.818608,ccmn,2.2,310.25,kkk,1,2
1700000,20.0,20.991391,105.820235,ccmn,2.2,253.5,khepkin,5,4
2200000,25.0,20.987827,105.81866,nhatang,2.7,40.5,khepkin,4,3
1300000,12.0,21.049571,105.770051,nhacap,5.27,2.0,khepkin,4,6
3500000,28.0,20.985445,105.819687,nhatang,4.6,398.0,khepkin,5,3
1200000,12.0,20.992227,105.820309,ccmn,2.5,209.75,khepkin,1,2
2000000,22.0,20.984185,105.819058,ccmn,3.0,307.01,khepkin,1,3
1300000,12.0,20.988991,105.819619,ccmn,2.8,140.8,khepkin,1,2
4000000,24.0,21.024536,105.825177,nhatang,3.4,30.0,khepkin,10,8
1300000,12.0,20.988554,105.820058,ccmn,2.5,182.8,khepkin,1,2
1400000,12.0,20.9921241,105.8180594,ccmn,2.5,210.75,khepkin,1,2
2500000,50.0,20.991323,105.820339,ccmn,1.8,312.35,khepkin,2,2
2500000,25.0,20.98542,105.8197,ccmn,2.9,40.67,khepkin,2,3
3200000,24.0,21.024536,105.825177,nhatang,1.9,320.0,khepkin,5,5
2000000,16.0,20.99202,105.81964,ccmn,2.5,270.75,khepkin,1,2
1500000,12.0,21.049571,105.770051,nhatang,5.27,2.0,khepkin,4,6
1200000,11.0,20.992293,105.819538,ccmn,2.5,260.75,khepkin,1,2
1400000,13.0,20.991957,105.816777,ccmn,2.9,48.67,khepkin,1,2
1400000,13.0,20.9899079,105.8172975,ccmn,2.5,210.75,khepkin,1,2
2000000,20.0,20.99146,105.819279,ccmn,2.7,188.75,khepkin,1,2
3800000,25.0,21.01635,105.8048,Nhatang,3.8,51.9,Khepkin,7,8
700000,10.0,20.983528,105.818179,nhacap,2.4,160.0,kkk,1,2
1400000,13.0,20.990592,105.816782,ccmn,3.2,63.8,khepkin,1,2
2400000,25.0,20.990762,105.818379,nhatang,3.5,95.67,kkk,2,4
1200000,12.0,20.993577,105.820494,ccmn,2.5,130.75,khepkin,1,3
420000,20.0,20.991726,105.817356,nhacap,5.8,2.0,kkk,1,1
1600000,12.0,20.992227,105.820309,ccmn,2.7,30.75,khepkin,4,2
2700000,30.0,21.047,105.798449,nhatang,4.6,60.79,khepkin,4,5
1700000,16.0,21.04324,105.804756,nhatang,3.5,79.5,kkk,3,6
1600000,16.0,21.04294,105.804107,nhatang,3.5,140.5,kkk,3,6
2000000,20.0,21.042991,105.803651,nhatang,3.5,163.27,kkk,6,4
2000000,25.0,21.04233,105.80376,nhatang,2.9,122.27,khepkin,6,2
2500000,20.0,21.045836,105.785711,nhatang,3.5,5.7,khepkin,7,6
1600000,13.0,21.050572,105.770793,nhatang,5.27,2.0,khepkin,6,7
2400000,20.0,21.045535,105.784717,nhatang,3.5,15.7,khepkin,7,6
1900000,22.0,21.048169,105.795002,nhatang,2.2,160.83,khepkin,2,5
1800000,25.0,21.04233,105.80376,nhatang,2.9,122.27,kkk,6,2
4500000,60.0,21.047617,105.798362,nhatang,4.57,57.9,khepkin,7,7
2000000,20.0,21.045419,105.803782,nhatang,2.5,70.5,kkk,3,6
2000000,25.0,21.046954,105.798932,nhatang,2.3,65.5,kkk,3,6
2200000,25.0,21.04233,105.80376,nhatang,3.5,122.27,kkk,6,2
3000000,25.0,21.047259,105.793377,nhatang,4.57,89.5,khepkin,6,7
2500000,24.0,21.043248,105.804118,nhatang,4.4,137.27,khepkin,6,7
3300000,25.0,21.047389,105.783213,ccmn,4.28,117.5,khepkin,7,5
3500000,18.0,21.045874,105.785487,nhatang,12.6,2.5,khepkin,9,8
3500000,30.0,21.047593,105.788003,nhatang,4.4,140.97,khepkin,9,8
3500000,25.0,21.047033,105.788249,nhatang,4.4,65.97,khepkin,9,8
4000000,25.0,21.043559,105.790875,nhatang,10.5,3.0,khepkin,9,8
3900000,30.0,21.046802,105.791142,nhatang,4.5,60.24,khepkin,7,5
2000000,20.0,21.048196,105.792279,nhatang,3.3,60.24,khepkin,8,5
2500000,17.0,21.045087,105.800932,nhatang,4.3,120.9,khepkin,9,4
6500000,50.0,21.0460511,105.7916743,ccmn,4.83,48.24,khepkin,9,6
1399000,20.0,20.995773,105.842988,ccmn,2.5,7.25,khepkin,8,4
900000,12.0,21.047265,105.779857,nhacap,2.9,110.0,kkk,1,4
2800000,20.0,21.0214975,105.7748568,nhatang,3.5,230.0,khepkin,8,6
1900000,35.0,21.0840545,105.9036039,nhatang,1.7,540.0,khepkin,4,5
2200000,12.0,20.9713024,105.7845287,ccmn,3.4,100.0,khepkin,10,10
2000000,17.0,21.0008467,105.8138979,nhatang,1.8,250.0,khepkin,3,8
3900000,25.0,21.0695076,105.8378366,Ccmm,3.4,120.0,khepkin,14,10
2800000,40.0,21.0232535,105.7741861,ccmn,2.2,700.0,khepkin,9,6
3800000,25.0,20.9911163,105.8483697,ccmn,4.7,20.0,khepkin,13,10
3200000,17.0,21.0648454,105.8349501,nhatang,3.0,300.0,khepkin,12,8
2300000,26.0,21.0506076,105.7909724,nhatang,3.2,550.0,kkk,5,6
2700000,30.0,21.0024642,105.9026115,Nhatang,2.5,300.0,khepkin,8,8
3100000,25.0,21.0550926,105.8088761,nhatang,3.6,230.0,khepkin,8,9
1500000,20.0,21.0092023,105.7948642,nhatang,3.2,350.0,kkk,8,4
2500000,20.0,21.0057511,105.8195551,nhatang,2.2,280.0,khepkin,11,6
3500000,40.0,21.0232535,105.7741861,ccmn,3.4,200.0,khepkin,10,10
2100000,35.0,21.0840545,105.9036039,nhatang,3.5,5.0,khepkin,9,7
2600000,20.0,21.0214975,105.7748568,nhatang,3.2,500.0,khepkin,5,6
3100000,25.0,20.9911163,105.8483697,ccmn,2.6,150.0,khepkin,7,6
3500000,25.0,21.0764867,105.8147999,ccmn,4.8,5.0,khepkin,13,9
2000000,18.0,20.9873103,105.8638953,nhatang,3.2,5.0,khepkin,8,6
2700000,18.0,20.9873103,105.8638953,nhatang,3.8,5.0,khepkin,8,6
2000000,25.0,21.0550926,105.8088761,nhacap,3.6,100.0,khepkin,7,7
3000000,30.0,21.0215123,105.8290527,nhatang,1.8,300.0,khepkin,9,8
3400000,30.0,21.0215123,105.8290527,nhatang,2.7,280.0,khepkin,10,10
2100000,26.0,21.0506076,105.7909724,nhatang,2.1,690.0,khepkin,4,4
2300000,30.0,21.0215123,105.8290527,nhacap,1.8,370.0,khepkin,3,5
2800000,38.0,21.0575538,105.9024322,Ccmm,2.8,100.0,khepkin,10,8
2900000,18.0,21.0641913,105.8097712,nhatang,2.6,150.0,khepkin,9,6
2000000,25.0,20.9604869,105.8682143,nhatang,3.0,400.0,kkk,8,6
2600000,25.0,20.9604869,105.8682143,nhatang,3.0,200.0,khepkin,8,9
3200000,25.0,21.0695076,105.8378366,Ccmm,1.8,400.0,khepkin,8,8
3800000,46.0,20.998522,105.811098,nhatang,2.3,37.2,khepkin,6,5
2700000,15.0,21.023228,105.807653,ccmn,5.2,2.0,khepkin,11,8
1400000,15.0,21.023228,105.807653,nhacap,5.2,2.0,kkk,4,6
4300000,40.0,20.998522,105.811098,ccmn,2.8,37.2,khepkin,10,8
2400000,18.0,21.010923,105.822308,nhatang,6.5,3.0,khepkin,7,7
2300000,22.0,21.0587451,105.89450557624,nhatang,4.2,1.5,khepkin,7,2
2200000,16.0,20.959836841,105.80267787318,nhatang,2.5,1.9,khepkin,9,3
2200000,15.0,20.993054392,105.8166178319,nhatang,3.2,32.0,khepkin,7,3
1200000,20.0,21.03356755,105.75942358314,nhatang,1.9,2.0,khepkin,2,2
4000000,25.0,21.061551029,105.8353240928,nhatang,6.5,5.0,khepkin,8,2
4000000,40.0,21.002568881,105.80216317884,nhatang,3.4,25.0,khepkin,1,3
1600000,15.0,21.010923,105.822308,nhacap,5.5,3.0,khepkin,6,5
2500000,20.0,21.017537,105.829508,nhatang,7.0,2.5,khepkin,7,7
1300000,15.0,21.017537,105.829508,nhacap,7.0,2.5,kkk,2,2
1900000,20.0,20.986776,105.814256,nhatang,1.8,32.5,khepkin,2,2
2900000,25.0,20.986776,105.814256,ccmn,1.8,32.5,khepkin,10,4
2200000,25.0,20.9604869,105.8682143,nhatang,2.1,400.0,khepkin,6,7
3000000,20.0,21.0214975,105.7748568,ccmn,3.2,150.0,khepkin,9,9
1500000,24.0,20.9518134,105.837288,Nhacap,1.8,1200.0,kkk,2,2
2000000,18.0,20.9873103,105.8638953,nhatang,3.2,5.0,khepkin,8,6
1700000,30.0,21.0024642,105.9026115,Nhacap,2.0,800.0,khepkin,6,4
2300000,16.0,21.0315048,105.8020914,nhatang,1.8,200.0,khepkin,8,5
2500000,24.0,20.9518134,105.837288,nhatang,3.8,320.0,khepkin,2,6
800000,12.0,20.9713024,105.7845287,nhatang,2.4,100.0,khepkin,2,6
1200000,12.0,20.9713024,105.7845287,nhatang,4.3,100.0,khepkin,8,9
1700000,24.0,20.9518134,105.837288,Nhacap,1.8,170.0,kkk,8,8
800000,12.0,21.043319,105.748683,nhacap,2.8,250.0,kkk,1,1
2200000,30.0,21.0024642,105.9026115,Nhacap,2.0,200.0,khepkin,10,7
1600000,20.0,21.053899,105.783712,nhacap,2.9,30.0,kkk,2,3
4500000,30.0,21.035526,105.852996,nhatang,4.3,3.0,khepkin,9,4
2600000,25.0,21.052268,105.811574,nhacap,4.8,201.0,khepkin,5,6
2500000,18.0,20.996615,105.85659,nhatang,3.2,20.0,khepkin,5,4
2000000,18.0,20.96719,105.836811,nhatang,5.7,97.67,kkk,4,5
1600000,12.0,21.024991,105.825941,nhatang,2.7,130.0,khepkin,2,7
3000000,20.0,21.009346,105.796969,nhatang,3.85,30.0,khepkin,10,5
3500000,28.0,20.999226,105.816492,nhatang,4.3,95.0,khepkin,4,8
4500000,34.0,20.997068,105.810787,nhatang,14.5,4.0,khepkin,8,6
2300000,30.0,20.977083,105.823595,nhatang,5.9,61.24,khepkin,5,3
4000000,20.0,21.035478,105.810557,nhatang,10.0,6.1,khepkin,7,7
2600000,26.0,21.055903,105.785095,nhatang,6.0,10.0,khepkin,3,6
1100000,10.0,21.004716,105.819713,nhacap,5.3,50.0,kkk,3,3
1100000,12.0,21.049571,105.770051,nhacap,5.27,120.03,khepkin,4,6
1800000,20.0,20.96725,105.836688,nhatang,4.3,90.4,khepkin,4,4
2700000,25.0,20.96444,105.766654,nhatang,5.2,53.92,khepkin,5,3
1200000,18.0,20.97663,105.781279,nhatang,2.5,70.65,khepkin,4,2
3500000,26.0,21.011178,105.817202,nhatang,3.8,42.6,khepkin,8,5
2800000,20.0,20.995682,105.773003,nhatang,6.6,5.2,khepkin,2,4
2300000,22.0,21.041979,105.776725,nhatang,6.0,20.75,khepkin,2,5
3000000,18.0,21.004276,105.811363,nhatang,5.3,10.0,khepkin,7,3
2000000,16.0,21.016517,105.8373,nhacap,3.2,78.19,khepkin,4,4
1500000,20.0,21.002483,105.826496,nhatang,1.6,84.32,khepkin,2,3
6000000,22.0,21.013516,105.839297,ccmn,3.25,10.15,khepkin,7,5
3500000,16.0,21.020792,105.775128,nhatang,3.7,45.0,khepkin,4,4
3300000,16.0,21.020792,105.775128,nhatang,3.7,100.24,khepkin,4,4
3000000,25.0,20.997401,105.813595,nhatang,2.7,25.0,khepkin,7,3
3200000,16.0,21.020792,105.775128,nhacap,3.7,100.24,khepkin,4,4
4500000,39.0,21.0323732,105.8095708,Ccmn,2.0,38.0,Khepkin,12,8
2600000,25.0,21.0325493,105.8268459,Nhatang,1.9,160.0,Khepkin,7,7
4200000,27.0,21.0325493,105.8268459,Ccmn,2.8,35.0,Khepkin,14,8
3500000,18.0,21.0046193,105.8328982,Nhatang,2.9,100.0,Khepkin,9,7
2600000,15.0,21.0046193,105.8328982,Nhatang,2.6,279.0,Khepkin,3,4
1600000,20.0,20.9860933,105.7983636,Nhacap,1.9,150.0,Khepkin,5,5
3500000,30.0,21.0270708,105.7731158,Nhatang,2.8,600.0,Khepkin,9,5
3700000,30.0,21.0270708,105.7731158,Nhatang,2.8,120.0,Khepkin,12,8
2800000,18.0,20.9860933,105.7983636,Nhatang,2.4,210.0,Khepkin,8,8
3600000,37.0,21.0323732,105.8095708,Nhatang,2.0,170.0,Khepkin,9,4
1800000,20.0,21.04036,105.764403,nhatang,4.3,36.24,khepkin,7,5
3500000,20.0,21.0164931,105.822814,nhatang,6.15,40.0, khepkin,8,8
3500000,25.0,20.970898,105.778978,nhatang,6.73,56.5,khepkin,7,6
3800000,30.0,21.010646,105.838657,nhatang,3.5,40.0,khepkin,7,4
2200000,20.0,21.043489,105.804274,nhatang,2.7,103.5,khepkin,5,3
4500000,40.0,20.976891,105.780777,ccmn,3.5,120.75,khepkin,7,6
1600000,10.0,21.02284367,105.8279307,nhatang,4.5,100.0,kkk,4,3
2900000,30.0,21.0268003,105.768113,ccmn,3.2,500.0,khepkin,7,2
3900000,30.0,20.9996107,105.818603,ccmn,4.9,40.0,khepkin,3,4
3500000,28.0,21.03022,105.771956,nhatang,4.0,130.0,khepkin,5,4
2500000,22.0,21.0732267,105.79437183,nhatang,3.3,105.12,khepkin,2,4
2800000,24.0,21.035002,105.791361,nhatang,6.52,75.04,khepkin,6,6
3000000,23.0,21.031671,105.786487,nhatang,7.2,46.94,khepkin,4,6
2000000,34.0,21.032674,105.785776,nhatang,2.4,149.21,kkk,8,6
2200000,25.0,21.0305962,105.7862149,nhatang,3.64,106.45,khepkin,4,6
4099999,33.0,21.037662,105.809642,nhatang,6.56,5.2,khepkin,7,7
3000000,35.0,21.034259,105.811035,nhatang,3.32,89.55,khepkin,4,3
1500000,17.0,21.036919,105.811089,nhatang,3.3,104.8,khepkin,4,3
2000000,15.0,21.036942,105.817049,nhatang,3.5,82.11,khepkin,6,7
1900000,15.0,21.036942,105.817049,nhatang,3.4,120.11,khepkin,4,7
1500000,12.0,21.037629,105.824746,nhatang,3.1,72.68,kkk,6,3
1700000,18.0,21.037081,105.812409,nhatang,3.3,236.69,kkk,7,6
2600000,30.0,21.037416,105.813743,nhatang,2.8,50.69,kkk,7,6
1800000,15.0,21.036942,105.817049,nhatang,2.7,120.11,khepkin,4,7
1200000,12.0,21.037695,105.811708,nhatang,6.5,13.23,khepkin,3,6
1800000,21.0,21.035096,105.822761,nhatang,3.24,30.02,khepkin,7,5
2000000,14.0,21.004622,105.850164,nhatang,4.3,32.2,khepkin,8,8
3500000,20.0,21.035055,105.824365,nhatang,6.56,5.02,khepkin,6,8
1100000,14.0,21.004622,105.850164,nhacap,2.4,93.11,kkk,3,4
2500000,22.0,21.033746,105.82513,nhatang,3.35,126.52,khepkin,3,6
1300000,10.0,21.033871,105.82987,nhatang,3.65,66.52,kkk,2,5
3000000,30.0,21.036612,105.808514,nhatang,3.65,35.52,kkk,6,6
4500000,30.0,21.034777,105.829859,nhatang,6.6,7.6,khepkin,5,7
3500000,40.0,21.038958,105.814271,nhatang,2.4,140.7,khepkin,5,4
2450000,17.0,21.037724,105.816894,nhatang,5.27,110.81,khepkin,7,8
3200000,25.0,21.036138,105.820268,nhatang,4.6,40.7,khepkin,4,4
1300000,24.0,21.035666,105.830344,nhatang,3.12,40.7,khepkin,2,6
1700000,14.0,21.03655,105.817817,nhatang,3.28,110.81,khepkin,6,6
1300000,30.0,21.036836,105.823392,nhatang,2.56,210.31,khepkin,7,5
1400000,30.0,21.036836,105.823392,nhatang,2.56,120.31,khepkin,7,5
1400000,10.0,21.03526,105.824089,nhatang,6.56,15.42,khepkin,5,6
1200000,30.0,21.036836,105.823392,nhacap,2.56,120.31,khepkin,7,5
1500000,12.0,21.035121,105.8243085,nhatang,6.56,4.23,khepkin,5,6
2500000,20.0,21.034858,105.824017,nhatang,3.1,5.54,kkk,3,6
2000000,10.0,21.034895,105.820993,nhatang,3.2,26.59,khepkin,3,7
2800000,25.0,21.034189,105.824288,nhatang,3.3,83.81,khepkin,6,5
1400000,8.5,21.0344675,105.8297077,nhatang,4.6,86.81,khepkin,7,6
2800000,19.0,21.0356532,105.7871272,nhatang,3.74,32.57,khepkin,8,8
4900000,50.0,21.0361863,105.7868578,ccmn,5.7,6.57,khepkin,8,8
2000000,18.0,21.035545,105.7848691,nhacap,4.1,6.57,kkk,7,7
1000000,14.0,21.035229,105.787135,nhacap,2.5,126.57,kkk,1,5
3000000,20.0,21.037557,105.787873,nhatang,3.5,89.78,kkk,4,6
2200000,15.0,21.037701,105.789776,nhatang,7.78,27.32,kkk,5,8
1500000,15.0,21.0357799,105.7848087,nhatang,3.6,55.84,khepkin,6,7
3000000,20.0,21.0364968,105.7856248,nhatang,2.5,42.32,khepkin,7,5
2200000,25.0,21.034802,105.784039,nhatang,2.4,47.71,khepkin,5,6
3300000,30.0,21.035125,105.78644,nhatang,2.3,60.85,khepkin,9,6
2800000,20.0,21.037648,105.787903,nhatang,3.5,104.17,khepkin,4,7
2600000,25.0,21.0365912,105.7879026,nhatang,3.5,162.87,khepkin,4,6
4000000,25.0,21.02970580021,105.77047435714888,ccmn,3.83,165.63,khepkin,7,7
2000000,18.0,20.96730631765,105.8692913689408,nhatang,6.1,130.63,khepkin,8,6
2500000,23.0,21.04176946837,105.7602958631748,nhatang,2.46,18.2,khepkin,4,3
1000000,15.0,21.00150174708,105.85549557788876,nhacap,4.29,7.11,kkk,1,3
3000000,22.0,20.99288498823,105.83197552517314,nhatang,7.27,13.8,khepkin,5,4
2500000,25.0,20.9913279189,105.79580064307343,nhatang,8.41,4.12,khepkin,7,4
2400000,25.0,20.9913279189,105.79580064307343,nhatang,8.41,60.22,khepkin,7,4
1800000,22.0,20.98254524095,105.7702118558676,ccmn,4.32,11.21,khepkin,5,5
2500000,25.0,20.9913279189,105.79580064307343,nhatang,8.41,60.22,khepkin,7,8
2200000,20.0,20.98200078991,105.8341278960172,cnmn,3.54,50.54,khepkin,8,2
2600000,25.0,20.9913279189,105.79580064307343,nhatang,8.91,20.22,khepkin,7,8
6950000,65.0,21.00552956668,105.80680887543949,nhatang,5.18,103.65,khepkin,6,5
3250000,26.0,20.98674593076,105.8139669213288,nhatang,5.11,13.37,khepkin,10,5
3000000,20.0,20.98138346525,105.78879432315443,nhatang,9.15,22.14,khepkin,9,5
2300000,14.0,20.977851001,105.79749961761932,nhatang,5.63,14.68,kkk,7,3
1000000,10.0,21.03134993353,105.79479566056324,nhacap,6.7,202.32,kkk,2,3
3000000,22.0,20.96372485692,105.7634570699335,nhatang,5.79,38.23,khepkin,6,5
1700000,17.0,21.05216404193,105.87028182186587,nhatang,4.97,605.23,kkk,2,4
2800000,25.0,20.98316146132,105.8008035810418,ccmn,5.49,8.23,khepkin,9,4
2400000,20.0,20.96874105902,105.78678202759754,nhatang,9.98,38.04,khepkin,9,4
3500000,36.0,21.03743698143,105.79908462864827,ccmn,6.48,247.43,khepkin,8,8
2200000,20.0,21.02767778126,105.8009117301445,nhatang,5.26,90.23,khepkin,3,6
2200000,22.0,21.06342113375,105.83160808178982,nhatang,4.11,10.23,khepkin,7,4
3400000,15.0,21.02076349479,105.83096115544308,nhatang,7.02,5.23,khepkin,6,8
3000000,25.0,20.99343107174,105.83171443320926,nhatang,8.25,13.2,khepkin,5,8
2700000,19.0,20.98319444511,105.8008031630808,ccmn,6.32,11.21,khepkin,8,6
3000000,30.0,21.02410812292,105.81210693210052,nhatang,6.42,53.34,khepkin,5,4
3000000,30.0,21.00323204965,105.82473283629284,nhatang,6.77,43.65,khepkin,5,6
3600000,58.0,20.99023337374,105.779635533837,nhatang,6.64,162.23,khepkin,10,5
2500000,23.0,21.03614887757,105.7876799972016,nhatang,4.47,20.01,khepkin,5,7
1800000,18.0,20.9663357944,105.84246582680964,nhatang,4.24,41.29,khepkin,2,4
2600000,20.0,21.02630930521,105.82630522006303,nhatang,4.86,28.43,kkk,6,3
3000000,35.0,21.02691082734,105.8362297223456,nhatang,4.74,4.11,khepkin,5,8
2500000,20.0,21.02666767148,105.8009370626241,nhatang,6.22,49.65,khepkin,5,3
2500000,40.0,20.97563104617,105.77602928917632,nhatang,4.06,8.22,khepkin,6,4
1400000,10.0,21.0013133733,105.810882036495,nhacap,4.46,48.11,kkk,3,4
1900000,30.0,20.96133382757,105.81366576828366,nhatang,8.04,8.8,khepkin,1,2
1800000,30.0,20.9613338275179,105.81366576828366,nhatang,8.04,98.8,khepkin,1,2
2000000,45.0,21.01354968388,105.927680431452,nhacap,7.32,10.04,khepkin,3,3
1850000,30.0,20.96133382757179,105.81366576828366,nhatang,8.04,98.8,khepkin,6,2
3000000,30.0,20.992344535063364,105.81933396018432,nhacap,5.92,219.21,khepkin,8,4
2200000,38.0,21.0233280187845,105.80790506482676,nhatang,4.12,7.43,khepkin,9,4
3600000,35.0,20.999458006310245,105.84226410129786,nhatang,6.26,98.43,khepkin,3,6
2500000,30.0,21.00584307910335,105.78023887113662,nhatang,6.78,187.62,khepkin,6,4
3600000,30.0,21.01122827866556,105.79979269275992,cnmn,5.23,26.45,khepkin,7,6
3200000,28.0,21.036541030283345,105.80287780565044,nhatang,6.41,15.7,khepkin,9,5
2500000,30.0,20.9917726824698,105.84963387081582,nhatang,5.47,21.2,khepkin,2,5
3000000,30.0,21.04185733378053,105.78489069683576,nhatang,5.43,13.16,khepkin,7,7
2000000,25.0,21.042221913542928,105.76235621250592,nhatang,5.9,134.12,khepkin,7,4
3000000,70.0,21.03505046092104,105.73285995796402,nhatang,3.24,20.12,khepkin,2,2
3500000,30.0,20.96793345681499,105.82251744718025,ccmn,5.13,12.21,khepkin,8,5
2300000,12.0,20.987778991663383,105.84301538254502,nhatang,3.69,39.0,khepkin,5,4
2800000,20.0,20.97190621835102,105.83549968827424,nhatang,4.81,14.21,khepkin,5,3
2500000,18.0,21.030397608710462,105.81392883005842,nhatang,4.14,90.78,khepkin,6,4
3000000,30.0,21.03245226347951,105.8276933676438,nhatang,3.34,45.75,khepkin,5,3
3000000,25.0,21.03139184862153,105.82492636502964,nhatang,4.58,30.52,khepkin,7,5
2400000,27.0,21.0313003599773,105.82240283466592,nhatang,3.96,1.0,khepkin,5,3
2000000,18.0,21.031379341289,105.82416495701348,nhatang,4.34,21.01,kkk,6,5
2000000,15.0,21.0291404209476,105.80926135704703,nhatang,4.31,49.23,khepkin,4,3
2400000,20.0,21.0327397288233,105.8213958588709,nhatang,4.98,153.08,khepkin,5,6
3000000,30.0,21.0304387,105.81498450000004,nhatang,7.76,1.1,khepkin,4,8
4000000,28.0,21.031695892844,105.82249221824914,ccmn,4.75,20.0,khepkin,9,6
3500000,35.0,21.0332630932583,105.8183088668508,ccmn,6.1,14.42,khepkin,6,5
1000000,12.0,21.028827470802,105.80825037720938,nhatang,4.19,75.2,kkk,4,7
6000000,25.0,21.0317286876378,105.82570459270488,nhatang,5.21,13.29,khepkin,6,5
3200000,39.0,21.0362654873821,105.81075409823542,nhatang,5.4,9.4,khepkin,5,3
2500000,25.0,21.0310954753008,105.82248300370298,nhatang,4.1,29.43,khepkin,4,5
1700000,10.0,21.0321636022504,105.82567036290212,nhacap,4.05,29.31,khepkin,5,5
2200000,18.0,21.032288450538,105.82383647586944,nhatang,2.79,51.24,khepkin,4,4
1700000,12.0,21.030999,105.822555,nhatang,3.56,10.43,khepkin,3,7
1700000,16.0,21.032003,105.825041,nhatang,3.12,9.72,khepkin,3,7
1400000,30.0,21.032882,105.825584,nhatang,2.87,111.1,khepkin,7,3
1500000,30.0,21.032882,105.825584,nhatang,3.12,111.1,khepkin,7,3
5000000,40.0,21.0358611,105.8135088,nhatang,5.89,98.62,khepkin,4,6
1300000,30.0,21.032882,105.825584,nhacap,3.12,111.1,khepkin,7,3
2800000,22.0,21.031102,105.824168,nhatang,4.21,20.02,khepkin,6,4
3000000,18.0,21.0316971,105.8224021,nhatang,3.56,28.74,khepkin,7,5
2300000,16.0,21.0298468,105.8111885,nhatang,5.59,69.5,khepkin,7,7
2700000,25.0,21.032259,105.820704,nhatang,4.59,169.21,khepkin,6,3
2600000,25.0,21.032259,105.820704,nhatang,4.59,229.21,khepkin,6,3
2500000,20.0,21.032407,105.824783,nhatang,2.88,66.93,kkk,6,6
2300000,25.0,21.032259,105.820704,nhacap,4.59,229.21,khepkin,6,3
1700000,12.0,21.028328,105.808591,nhatang,3.94,103.03,khepkin,2,5
3500000,30.0,21.032068,105.82077,nhatang,5.18,69.12,khepkin,6,3
4000000,40.0,21.0310452,105.81984,nhatang,5.58,12.87,khepkin,6,6
3500000,40.0,21.032912,105.827527,nhatang,3.34,69.35,khepkin,4,3
3200000,30.0,21.040384,105.7643307,ccmn,11.05,9.47,khepkin,8,8
2800000,30.0,21.040384,105.7643307,ccmn,6.05,9.47,khepkin,8,8
3000000,30.0,21.050876,105.7383463,nhatang,11.05,5.47,khepkin,8,7
2700000,30.0,21.040384,105.7643307,ccmn,6.05,9.47,khepkin,4,8
1000000,18.0,21.044099,105.766261,nhacap,4.95,480.28,khepkin,1,3
500000,15.0,21.044986,105.760785,nhacap,3.7,301.04,kkk,1,5
3000000,40.0,21.039433,105.764013,nhacap,2.45,50.28,khepkin,2,6
1100000,12.0,21.046967,105.749566,nhacap,3.57,60.94,kkk,1,7
5000000,50.0,21.037958139,105.7773351,nhatang,2.3,101.35,khepkin,4,6
2300000,20.0,21.038454,105.777448,nhatang,3.4,168.74,khepkin,4,6
2500000,35.0,21.041656,105.764268,nhatang,2.81,79.35,kkk,2,4
3000000,30.0,21.035657,105.777439,nhatang,3.05,88.5,kkk,5,6
2500000,20.0,21.03609,105.776828,nhatang,2.52,60.85,kkk,2,6
1600000,14.0,21.041371,105.764143,nhatang,2.81,38.12,kkk,3,7
1400000,14.0,21.041371,105.764143,nhatang,2.81,108.12,kkk,3,7
1600000,15.0,21.040459,105.766526,nhatang,6.81,38.12,kkk,5,8
1500000,14.0,21.041371,105.764143,nhatang,2.81,108.12,kkk,6,7
1600000,15.0,21.042036,105.762742,ccmn,3.51,59.55,khepkin,6,5
1300000,17.0,21.041941,105.764966,nhacap,1.7,60.12,khepkin,3,7
1600000,16.0,21.037908,105.777146,nhatang,2.3,84.35,khepkin,4,6
4500000,19.0,21.037004,105.778713,nhatang,11.05,15.35,khepkin,9,9
4300000,40.0,21.0366399,105.778915,ccmn,11.05,38.12,khepkin,8,8
3700000,30.0,21.040275,105.761941,ccmn,3.81,38.12,khepkin,8,6
3200000,30.0,21.038197,105.779914,ccmn,2.75,40.37,khepkin,8,9
3900000,30.0,21.045856,105.780349,ccmn,3.55,50.68,khepkin,8,9
3800000,30.0,21.045856,105.780349,ccmn,3.55,112.68,khepkin,6,9
800000,12.0,21.046931,105.779563,nhacap,2.55,150.46,kkk,2,3
3850000,30.0,21.045856,105.780349,ccmn,3.55,112.68,khepkin,9,9
3900000,30.0,21.045856,105.780349,ccmn,3.55,50.68,khepkin,8,9
2200000,25.0,21.070134,105.786111,ccmn,1.7,52.68,khepkin,8,7
1500000,15.0,21.045637,105.779936,nhacap,2.95,108.68,khepkin,2,3
4000000,60.0,21.054795,105.782928,nhacap,2.95,68.85,khepkin,2,7
1600000,15.0,221.043631,105.78012,nhacap,2.89,79.85,khepkin,1,7
2490000,32.0,21.059632,105.784122,nhatang,3.5,67.4, khepkin,5,6
2200000,32.0,21.059632,105.784122,nhatang,2.9,67.4, khepkin,5,6
3500000,32.0,21.052706,105.78058,nhatang,7.5,58.93, khepkin,9,1
3000000,25.0,21.056747,105.78085,nhatang,3.65,100.63, khepkin,8,7
3000000,30.0,21.044136,105.781984,nhatang,2.75,48.07, kkk,4,8
4500000,35.0,21.05217,105.780523,nhatang,7.5,58.93, khepkin,9,9
2500000,12.0,21.067949,105.78248,nhatang,8.5,58.93, khepkin,9,9
2800000,25.0,21.042477,105.779469,nhatang,3.65,135.07, khepkin,8,7
3200000,25.0,21.042395,105.779909,ccmn,4.5,75.07, khepkin,8,8
2100000,23.0,21.005525,105.864048,nhatang,2.75,253.25,khepkin,7,6
2000000,20.0,20.997516,105.862902,nhatang,2.75,79.15,kkk,6,8
1800000,15.0,20.9987623,105.86229819999994,nhatang,2.35,79.15,kkk,6,8
2300000,24.0,21.006453,105.864188,nhatang,2.75,253.25,khepkin,3,6
1850000,22.0,21.007767,105.862346,nhatang,2.25,122.25,khepkin,7,7
2000000,22.0,21.007767,105.862346,nhatang,2.25,70.25,khepkin,5,7
3000000,15.0,21.003852,105.8612256,nhatang,7.48,3.6,khepkin,5,8
3600000,20.0,21.00188777,105.862034565,nhatang,7.48,5.6,khepkin,7,8
1600000,22.0,21.007767,105.862346,nhacap,2.25,70.25,khepkin,5,7
2900000,20.0,21.000001,105.862668,nhatang,3.68,89.51,khepkin,4,8
2100000,23.0,21.004199,105.863536,nhatang,2.71,210.51,khepkin,4,6
1100000,11.0,20.999019,105.863433,nhatang,3.65,211.42,khepkin,4,7
1000000,10.0,20.99757966,105.8628995,nhatang,2.65,211.42,khepkin,2,6
1800000,15.0,20.998327,105.8652,nhatang,3.02,72.65,kkk,4,6
2000000,20.0,20.99608,105.858781,nhacap,3.27,100.2,kkk,4,7
2000000,20.0,20.994112,105.858159,nhacap,3.27,125.5,kkk,3,7
2000000,15.0,20.994796,105.86033,nhatang,3.27,99.05,kkk,6,7
3000000,30.0,20.997142,105.857026,nhacap,4.32,219.13,kkk,2,7
2300000,30.0,20.992238,105.859383,nhacap,1.8,320.23,khepkin,4,5
1500000,17.0,20.993772,105.855681,nhatang,3.05,147.98,khepkin,2,5
3000000,25.0,20.996332,105.871297,nhatang,5.57,25.68,khepkin,3,8
1500000,18.0,20.997184,105.851677,nhatang,2.9,145.02,kkk,2,8
2200000,20.0,21.0035002,105.8695619,ccmn,3.14,76.44,khepkin,3,7
2000000,12.0,20.997436,105.857739,nhatang,4.32,234.24,kkk,4,6
2500000,17.0,20.996887,105.856505,nhacap,4.32,152.2,kkk,6,6
2000000,30.0,20.993762,105.858974,nhatang,2.45,162.41,kkk,4,7
4000000,37.0,20.995685,105.858797,nhatang,3.91,38.6,khepkin,5,8
3000000,24.0,20.997922,105.865312,nhatang,3.86,26.07,khepkin,6,7
2000000,20.0,20.993506,105.854247,nhatang,1.7,209.81,khepkin,7,4
2700000,27.0,20.992528,105.853467,nhatang,1.9,311.43,khepkin,7,4
2500000,17.0,20.996571,105.858905,nhatang,3.65,100.86,khepkin,7,8
1500000,12.0,20.996329,105.865515,nhatang,1.7,92.33,kkk,2,7
2500000,37.0,21.004032,105.869007,nhatang,2.25,41.69,khepkin,2,8
2500000,25.0,21.003719,105.870074,nhatang,2.69,46.32,khepkin,6,8
1800000,15.0,20.998187,105.864792,nhatang,3.21,84.79,kkk,2,7
1200000,13.0,21.010882,105.79844,nhatang,3.35,86.24,kkk,1,8
2600000,18.0,21.01136,105.799939,nhatang,3.35,15.24,kkk,8,8
2500000,18.0,21.011706,105.799887,nhatang,2.93,46.24,khepkin,8,8
2600000,20.0,21.010487,105.798571,nhatang,3.35,10.03,khepkin,4,8
4000000,35.0,21.009113,105.796943,nhatang,2.62,40.15,khepkin,8,8
3600000,27.0,21.0110647,105.7997428,ccmn,2.62,153.09,khepkin,9,9
5000000,35.0,21.00888221,105.796917,ccmn,3.62,4.15,khepkin,8,8
3500000,25.0,21.012571,105.799196,ccmn,2.62,153.09,khepkin,9,9
1500000,14.0,21.012671,105.798571,nhatang,2.32,231.05,khepkin,2,6
1500000,14.0,21.010706,105.797998,nhatang,2.32,98.32,khepkin,2,6
4800000,20.0,21.015052,105.803989,nhatang,8.16,6.32,khepkin,8,9
3200000,20.0,21.015493,105.803131,nhatang,3.16,163.58,khepkin,8,9
1800000,25.0,21.052872,105.7393,nhatang,2.56,200.58,khepkin,6,7
2200000,30.0,21.004434,105.866856,nhatang,3.26,147.58,kkk,6,7
2600000,30.0,21.004103,105.8668,nhatang,3.26,147.58,khepkin,7,7
2200000,18.0,20.994846,105.858483,nhatang,3.56,30.58,khepkin,9,9
2000000,18.0,20.994846,105.858483,nhatang,3.56,30.58,kkk,4,9
4200000,35.0,21.041965,105.776532,ccmn,4.56,81.34,khepkin,8,9
3800000,35.0,21.041926,105.776509,ccmn,4.56,211.34,khepkin,8,9
2800000,22.0,21.041581,105.775737,ccmn,4.46,89.34,khepkin,8,9
4100000,35.0,21.041965,105.776532,nhatang,4.56,81.34,khepkin,8,9
4500000,65.0,21.04038112,105.7789829,nhatang,3.36,60.21,khepkin,8,9
4000000,65.0,21.040442,105.779245,nhatang,2.36,60.21,khepkin,8,9
2500000,20.0,21.039892,105.777524,nhatang,2.98,162.72,khepkin,8,7
2300000,20.0,21.039892,105.777524,nhatang,2.98,240.72,khepkin,9,6
2500000,18.0,21.039892,105.777524,nhatang,3.1,162.72,khepkin,8,7
1500000,20.0,21.039129,105.777905,nhatang,2.2,240.63,khepkin,8,5
1800000,17.0,21.042946,105.776713,nhatang,2.89,151.83,khepkin,5,7
1600000,17.0,21.04249,105.7768,nhatang,2.89,100.72,khepkin,5,7
3000000,35.0,21.042454,105.776187,nhatang,2.59,136.84,khepkin,3,6
3400000,35.0,21.042427,105.77603,nhatang,2.99,136.84,khepkin,6,6
2400000,20.0,21.040264,105.777357,nhatang,1.9,106.15,khepkin,8,8
3700000,36.0,21.040869,105.77935,nhatang,3.26,100.25,khepkin,8,7
1800000,14.0,21.040756,105.777246,nhatang,2.86,79.46,khepkin,4,7
2100000,14.0,21.040756,105.777246,nhatang,3.86,79.46,khepkin,4,7
3000000,25.0,21.03931,105.778069,nhatang,3.39,205.84,khepkin,8,6
4700000,37.0,21.040869,105.77935,nhatang,3.46,3.72,khepkin,8,7
2600000,25.0,21.04035846,105.7796686,nhatang,3.46,82.49,khepkin,6,7
3500000,30.0,21.040869,105.77935,nhatang,3.46,68.25,khepkin,8,7
2900000,25.0,21.03931,105.778069,nhatang,3.39,100.84,khepkin,8,6
3000000,25.0,21.0336114,105.7876257,nhatang,6.8,5.0,khepkin,4,7
1800000,20.0,21.030884,105.7862746,nhatang,2.6,200.0,kkk,3,4
3000000,35.0,21.0741939,105.8241243,ccmn,2.5,250.0,khepkin,8,2
3800000,25.0,21.060536,105.8331321,nhatang,3.5,82.0,khepkin,10,8
1900000,20.0,21.065883,105.833872,nhacap,3.8,300.0,khepkin,3,4
1900000,20.0,21.065883,105.833872,nhacap,3.8,300.0,khepkin,5,2
3900000,25.0,21.060536,105.8331321,nhatang,3.9,20.0,khepkin,12,8
1900000,20.0,21.065883,105.833872,nhacap,3.8,300.0,khepkin1,3,4
2500000,60.0,21.0749274,105.8208455,nhacap,3.8,150.0,khepkin,2,6
3000000,50.0,21.0719443,105.8260119,nhatang,3.0,100.0,khepkin,5,8
2000000,22.0,21.069873,105.832137,nhacap,3.5,400.0,khepkin,4,6
2600000,25.0,21.0651362,105.8352263,nhatang,3.6,260.0,khepkin,2,2
2500000,20.0,21.071895,105.826031,nhatang,2.5,300.0,khepkin,4,2
1200000,12.0,21.0785588,105.8209716,nhatang,2.5,200.0,khepkin,4,1
2500000,25.0,21.08094514,105.81901326,nhatang,3.6,150.0,khepkin,2,1
1400000,25.0,21.0651362,105.8352263,nhacap,2.56,260.0,khepkin,2,6
4000000,22.0,21.06848649,105.82769193,ccmn,8.6,100.0,khepkin,10,10
4000000,30.0,21.0663811,105.8279394,nhatang,11.5,1.0,khepkin,8,4
2000000,22.0,21.065112,105.828832,nhacap,2.8,100.0,khepkin,1,5
2200000,18.0,21.061141,105.832926,nhatang,2.6,400.0,khepkin,4,3
2300000,20.0,21.0745483,105.8234286,nhatang,2.8,350.0,khepkin,5,1
3500000,23.0,21.0628371,105.8321466,nhatang,4.4,80.0,khepkin,12,4
2200000,18.0,21.06721,105.828084,nhatang,2.8,50.0,khepkin,4,2
1600000,20.0,21.0630099,105.832185,nhatang,2.2,60.0,kkk,3,1
3000000,20.0,21.0640309,105.831724,nhatang,3.8,300.0,khepkin,8,5
4550000,27.0,21.0333276,105.7976935,ccmn,4.01,5.12,khepkin,7,8
4400000,27.0,21.0333276,105.7976935,ccmn,3.56,102.34,khepkin,7,8
3500000,15.0,21.0600377,105.8338756,nhatang,8.6,5.0,khepkin,12,10
1700000,20.0,21.0630099,105.832185,nhatang,2.2,60.0,kkk,5,6
1700000,22.0,21.0630099,105.832185,nhatang,3.2,60.0,kkk,3,1
3100000,20.0,21.0640309,105.831724,nhatang,3.8,50.0,khepkin,8,5
2200000,22.0,21.0635065,105.8318299,nhatang,3.6,50.0,khepkin,9,2
2500000,27.0,21.081701,105.820921,nhacap,3.2,370.0,khepkin,2,4
3200000,17.0,21.0600156,105.8339205,nhatang,8.6,5.0,khepkin,8,9
3300000,30.0,21.0741939,105.8241243,ccmm,8.6,10.0,khepkin,7,10
4500000,25.0,21.0640309,105.831724,nhatang,3.2,120.0,khepkin,10,7
3500000,25.0,21.0630099,105.832185,nhatang,3.8,50.0,khepkin,12,4
1500000,20.0,21.0640309,105.831724,nhacap,2.56,50.0,khepkin,8,5
2000000,15.0,21.0630099,105.832185,nhacap,8.6,5.0,khepkin,8,2
2900000,18.0,21.0630099,105.832185,nhatang,3.6,260.0,khepkin,8,4
4500000,27.0,21.0333276,105.7976935,ccmn,3.56,5.12,khepkin,7,8
1300000,10.0,21.0126181302899,105.82031787720732,nhatang,3.81,17.43,kkk,6,7
2600000,30.0,21.01430257157,105.81792220757777,nhatang,3.16,24.0,kkk,5,5
5500000,25.0,21.014321958598,105.8207299041029,nhatang,4.0,144.4,khepkin,7,7
1650000,30.0,21.0140552566207,105.82032985895006,nhatang,2.79,110.21,kkk,7,6
5600000,25.0,21.01357760323,105.82016187606465,nhatang,4.0,62.0,khepkin,10,10
2300000,25.0,21.015282603314,105.81688466378826,nhatang,3.67,1.0,khepkin,7,8
2000000,15.0,21.009996553452,105.82171229929013,nhatang,4.9,56.21,khepkin,4,8
3000000,24.0,21.010227899871,105.8220830365931,nhatang,4.9,49.21,khepkin,8,6
2300000,16.0,21.0141488136897,105.81821276554057,ccmn,5.6,21.0,khepkin,7,9
5500000,25.0,21.013380497721,105.81983751625891,nhatang,7.0,23.0,khepkin,9,9
2800000,35.0,21.011443924854,105.8218840999475,nhatang,4.6,20.1,khepkin,8,6
3500000,28.0,21.010255068521,105.82217867411627,nhatang,3.6,43.55,khepkin,8,8
2800000,22.0,21.010179331641,105.82195731118642,nhatang,4.18,62.57,khepkin,7,8
2500000,20.0,21.012023629429,105.8210997838342,nhatang,4.96,5.6,khepkin,8,8
2500000,16.0,21.0114388329466,105.82187337283423,nhatang,5.3,16.7,khepkin,6,5
2200000,22.0,21.015377198967,105.81827534277686,nhatang,6.3,50.01,khepkin,4,5
1600000,10.0,21.0126181302899,105.82031787720732,nhatang,4.81,17.43,kkk,6,7
1800000,25.0,21.015282603314,105.81688466378826,nhatang,3.67,1.0,kkk,7,8
2500000,30.0,21.01430257157,105.81792220757777,ccmn,3.16,120.34,kkk,5,5
1400000,10.0,21.0126181302899,105.82031787720732,nhatang,3.81,100.43,kkk,6,7
4500000,25.0,21.014321958598,105.8207299041029,nhatang,3.3,144.4,khepkin,7,7
2500000,25.0,21.011438832946,105.82187337283423,nhatang,3.15,17.0,khepkin,6,8
2100000,16.0,21.0141488136897,105.81821276554057,ccmn,3.98,120.79,khepkin,7,9
2800000,24.0,21.010227899871,105.8220830365931,nhatang,4.9,120.21,khepkin,5,6
4300000,25.0,21.014321958598,105.8207299041029,nhatang,3.3,210.92,khepkin,5,4
2400000,30.0,21.0140552566207,105.82032985895006,ccmn,2.79,110.21,khepkin,7,6
2250000,25.0,21.015282603314,105.81688466378826,nhatang,3.47,1.0,khepkin,3,8
3100000,24.0,21.010227899875,105.8220830365931,nhatang,5.2,20.21,khepkin,8,6
2200000,16.0,21.0141488136893,105.81821276554057,ccmn,5.6,21.0,khepkin,2,9
2300000,30.0,21.0140552566208,105.82032985895006,nhatang,2.79,110.21,khepkin,7,6
2200000,15.0,21.009996553452,105.82171229929013,ccmn,4.9,56.21,khepkin,4,8
2400000,30.0,21.01430257157,105.81792220757777,nhatang,3.16,120.34,kkk,5,5
2500000,25.0,21.03178,105.800502,nhatang,2.93,69.38,khepkin,5,6
3000000,30.0,21.034994,105.790245,ccmn,2.93,129.54,khepkin,4,7
2000000,20.0,21.035652,105.796113,nhatang,3.54,120.18,khepkin,2,8
2600000,22.0,21.030634,105.800383,nhatang,2.94,11.92,khepkin,9,9
2000000,18.0,21.027924,105.795719,nhatang,4.01,270.83,khepkin,2,6
1900000,20.0,21.029909,105.799331,nhatang,2.94,150.8,kkk,4,6
2000000,20.0,21.029909,105.799331,nhatang,2.94,50.8,kkk,4,6
3300000,30.0,21.032697,105.797574,ccmn,2.94,67.4,khepkin,4,5
3800000,40.0,21.034295985,105.79182,nhatang,2.93,150.8,khepkin,6,7
1500000,18.0,21.036075,105.79661,nhatang,2.54,92.23,kkk,2,6
1500000,18.0,21.036075,105.79661,nhatang,2.84,112.23,kkk,2,6
6000000,50.0,21.033107,105.79568,ccmn,3.55,124.93,khepkin,11,7
2000000,20.0,21.033005,105.796511,nhatang,2.89,117.18,khepkin,6,7
3200000,20.0,21.029909,105.799331,ccmn,3.14,150.8,khepkin,9,6
1700000,14.0,21.0343,105.80216,nhatang,2.1,176.25,khepkin,6,7
2500000,18.0,21.034768,105.793997,nhatang,7.68,6.18,khepkin,7,9
2300000,18.0,21.034768,105.793997,nhatang,7.68,120.18,khepkin,5,9
2000000,18.0,21.035105,105.802701,ccmn,3.09,105.38,khepkin,8,6
6000000,50.0,21.03058,105.799426,nhatang,4.59,125.18,khepkin,11,7
2500000,20.0,21.034664,105.792548,ccmn,3.79,87.43,khepkin,8,8
3000000,25.0,21.03178,105.800502,ccmn,2.93,40.38,khepkin,7,6
2500000,25.0,21.03081632,105.79883,nhatang,3.29,132.82,khepkin,4,6
3200000,25.0,21.03081632,105.79883,ccmn,3.29,132.82,khepkin,8,6
2600000,25.0,21.03081632,105.79883,nhatang,3.29,50.82,khepkin,7,6
2400000,25.0,21.03178,105.800502,nhatang,2.53,100.38,khepkin,4,6
1900000,25.0,21.03081632,105.79883,nhacap,3.29,132.82,khepkin,5,6
3800000,30.0,21.032697,105.797574,ccmn,3.52,67.4,khepkin,9,9
3000000,25.0,21.031727,105.800919,ccmn,3.62,83.16,khepkin,8,10
2400000,18.0,21.034768,105.793997,nhatang,7.68,98.79,khepkin,4,9
1600000,15.0,21.033762,105.801234,nhatang,2.82,236.24,khepkin,6,5
5000000,45.0,21.033513,105.796676,nhatang,3.52,36.68,khepkin,4,8
3700000,30.0,21.032697,105.797574,ccmn,3.52,120.4,khepkin,9,9
4900000,22.0,21.0357929,105.7924394,ccmn,7.52,10.68,khepkin,6,5
2600000,18.0,21.034768,105.793997,ccmn,7.68,6.18,khepkin,7,9
2300000,20.0,21.034558,105.797919,nhatang,11.66,11.68,khepkin,5,10
4000000,45.0,21.033513,105.796676,nhatang,3.12,56.68,kkk,4,8
2100000,20.0,21.034558,105.797919,nhatang,5.66,11.68,khepkin,5,8
5500000,40.0,21.034864,105.796754,ccmn,11.66,30.68,khepkin,10,10
2000000,25.0,21.033026,105.800805,nhatang,2.93,80.38,khepkin,5,6
1500000,18.0,21.031636,105.795276,nhacap,2.43,308.38,khepkin,4,8
1600000,18.0,21.032602,105.793808,nhacap,2.53,187.51,khepkin,8,8
3100000,30.0,21.034642,105.790077,ccmn,2.93,89.54,khepkin,6,7
1500000,20.0,21.035652,105.796113,nhatang,2.34,120.18,khepkin,2,8
1600000,18.0,21.034768,105.793997,nhatang,7.68,6.18,kkk,7,9
1700000,18.0,21.036075,105.79661,nhatang,2.54,20.23,kkk,6,6
5200000,45.0,21.033513,105.796676,nhatang,3.52,10.68,khepkin,9,8
2800000,22.0,20.9690164,105.781294,Ccmn,5.8,50.0,khepkin,10,4
2300000,30.0,21.0364417,105.8676508,Nhatang,3.8,430.0,khepkin,4,4
1700000,30.0,21.0364417,105.8676508,Nhatang,3.8,430.0,kkk,4,4
3000000,30.0,21.0221606,105.771796,Ccmn,2.8,300.0,khepkin,11,2
2800000,30.0,20.9612688,105.793428,Nhatang,3.0,320.0,khepkin,8,3
2700000,30.0,20.9612688,105.793428,Nhatang,3.0,210.32,khepkin,8,3
3200000,30.0,20.9612688,105.793428,Nhatang,4.02,120.0,khepkin,8,3
1700000,17.0,21.0049802,105.8114114,Nhacap,3.6,350.0,khepkin,2,2
2400000,25.0,20.9654323,105.7894045,Nhatang,4.2,40.0,khepkin,8,4
2300000,25.0,20.9654323,105.7894045,Nhatang,3.29,40.0,khepkin,8,4
2400000,30.0,21.0364417,105.8676508,Nhatang,3.8,250.0,khepkin,4,8
2400000,25.0,20.9654323,105.7894045,Nhatang,4.2,40.0,khepkin,8,6
1600000,25.0,21.0378383,105.7439194,Nhatang,2.6,60.0,Kkk,6,7
3000000,18.0,21.008559,105.8086631,Ccmn,2.8,150.0,khepkin,9,4
1900000,25.0,21.0824613,105.7698299,Nhacap,2.8,500.0,khepkin,7,4
2500000,17.0,20.9868847,105.8397055,Nhatang,3.4,110.0,khepkin,4,3
1500000,17.0,20.9868847,105.8397055,nhacap,3.4,110.0,kkk,5,4
3000000,17.0,21.0046193,105.8328982,Ccmn,3.6,50.0,khepkin,9,2
2900000,17.0,21.0046193,105.8328982,Ccmn,3.2,50.0,khepkin,6,2
4000000,30.0,21.0233464,105.8036324,Nhatang,2.8,400.0,khepkin,10,5
1800000,33.0,20.9680138,105.7642068,Nhacap,3.4,550.0,khepkin,5,2
3300000,38.0,21.0668748,105.8105232,Nhatang,5.8,50.0,khepkin,10,5
3200000,38.0,21.0668748,105.8105232,Nhatang,4.2,50.0,khepkin,8,5
2600000,17.0,20.9868847,105.8397055,ccmn,3.4,69.67,khepkin,6,6
2800000,17.0,21.0046193,105.8328982,nhatang,3.6,50.0,khepkin,9,2
3400000,38.0,21.0668748,105.8105232,ccmn,5.8,43.2,khepkin,10,6
4000000,25.0,21.0013484,105.8240315,Ccmn,6.2,20.0,khepkin,12,4
3000000,25.0,20.9768567,105.8359379,Nhatang,2.8,100.0,khepkin,9,6
3100000,25.0,20.9768567,105.8359379,Nhatang,3.12,200.0,khepkin,9,13
1700000,25.0,20.9654323,105.7894045,nhacap,4.2,120.0,khepkin,8,4
3200000,25.0,20.9768567,105.8359379,Nhatang,2.8,20.26,khepkin,10,6
3000000,40.0,20.9566651,105.7941141,Nhatang,3.2,80.0,khepkin,7,7
3300000,37.0,21.0668411,105.8107651,Ccmn,2.8,70.0,khepkin,11,4
3100000,37.0,21.0668411,105.8107651,nhatang,2.8,70.0,khepkin,8,4
3000000,33.0,21.0003326,105.8236921,Nhatang,1.8,400.0,khepkin,10,6
1700000,17.0,21.0383536,105.8291042,Nhacap,2.5,700.0,Kkk,4,3
3500000,23.0,21.0744987,105.8132979,Nhatang,4.26,60.87,khepkin,12,4
3200000,23.0,21.0744987,105.8132979,Nhatang,3.0,100.0,khepkin,12,4
1800000,20.0,21.0180243,105.7757127,Nhacap,2.6,350.0,khepkin,2,2
3000000,30.0,20.9814692,105.8201286,Nhatang,3.6,700.0,khepkin,10,7
2600000,16.0,21.0377303,105.829739,Nhatang,2.6,700.0,khepkin,7,5
4000000,25.0,21.0359376,105.7915324,Nhatang,2.8,120.0,khepkin,10,10
3500000,55.0,21.0055267,105.7791327,Nhatang,3.2,13.0,khepkin,9,6
3200000,37.0,21.0668411,105.8107651,Ccmn,2.8,160.45,khepkin,9,4
2800000,17.0,21.031292,105.8130625,Nhatang,2.8,300.0,khepkin,8,4
3500000,25.0,21.0357744,105.7895755,Nhatang,5.4,10.0,khepkin,8,6
2300000,30.0,20.9924766,105.8255307,Nhatang,2.8,600.0,khepkin,7,3
3000000,25.0,21.037415,105.795783,nhatang,6.05,37.63,khepkin,5,7
3500000,37.0,21.0668411,105.8107651,Ccmn,3.59,70.0,khepkin,11,9
3500000,30.0,21.0220419,105.8329688,Ccmn,2.9,180.0,khepkin,7,4
3100000,23.0,21.0744987,105.8132979,Nhatang,2.2,190.0,khepkin,9,4
1500000,15.0,21.039719,105.801376,nhatang,3.64,169.12,kkk,5,7
3300000,23.0,21.0744987,105.8132979,Nhatang,3.1,100.0,khepkin,12,9
2000000,20.0,21.03774316,105.8038903848,nhatang,3.85,175.15,khepkin,6,6
2000000,20.0,21.0031177,105.8201408,nhatang,3.85,175.15,khepkin,6,6
1500000,17.0,21.037652,105.804506,nhatang,3.65,212.15,khepkin,4,6
3000000,30.0,21.037233,105.803315,nhatang,3.85,98.06,khepkin,3,6
1800000,15.0,21.039719,105.801376,nhatang,3.64,169.12,khepkin,5,7
1900000,15.0,21.039719,105.801376,nhatang,3.64,90.12,khepkin,7,7
2500000,20.0,21.037212,105.795998,ccmn,6.05,37.93,khepkin,8,7
3000000,30.0,21.036251,105.803663,nhatang,2.65,40.75,khepkin,8,8
8000000,40.0,21.0369807,105.8031744,ccmn,4.2,42.71,khepkin,12,12
2700000,25.0,21.037415,105.795783,nhatang,4.95,98.63,khepkin,5,4
1500000,20.0,21.037212,105.795998,nhacap,3.85,37.93,kkk,3,7
35000000,25.0,21.0382005,105.804024199,ccmn,3.85,201.15,khepkin,6,6
3200000,25.0,21.037415,105.795783,ccmn,6.05,37.63,khepkin,8,7
2000000,20.0,21.037212,105.795998,nhatang,6.05,37.12,kkk,3,7
1700000,15.0,21.037771,105.802721,nhatang,5.05,92.6,khepkin,8,8
1600000,15.0,21.039293,105.800467,nhatang,2.85,92.6,khepkin,5,8
2100000,20.0,21.037212,105.795998,nhatang,6.05,20.43,kkk,3,10
1800000,15.0,21.039293,105.800467,nhatang,3.25,92.6,khepkin,9,8
15000000,50.0,21.03561705,105.80395318,nhatang,7.38,1.6,khepkin,12,12
6000000,40.0,21.0369807,105.8031744,nhatang,4.2,190.45,khepkin,8,8
3300000,23.0,20.984084,105.793882,ccmn,4.33,54.23,khepkin,8,5
2700000,23.0,20.984084,105.793882,nhatang,2.4,120.8,khepkin,8,5
3000000,20.0,20.976043,105.783924,nhatang,3.83,72.71,khepkin,8,7
2500000,25.0,20.983696,105.790193,ccmn,3.6,102.89,khepkin,5,10
2300000,25.0,20.983696,105.790193,nhatang,3.51,102.67,khepkin,5,7
2700000,25.0,20.983696,105.790193,ccmn,3.94,40.21,khepkin,10,10
2800000,20.0,20.9837401,105.793963099,nhatang,4.4,30.23,khepkin,8,5
1500000,11.0,20.982817,105.792389,nhatang,3.34,200.23,khepkin,8,5
2000000,15.0,20.984473,105.791253,nhatang,3.34,200.23,khepkin,8,5
4500000,62.0,20.9806805,105.7882882,nhatang,3.11,279.23,khepkin,9,8
1800000,20.0,20.977263,105.781705,nhatang,2.46,279.23,khepkin,6,6
2000000,14.0,20.979128,105.789112,nhatang,3.34,108.16,khepkin,4,10
2100000,14.0,20.979128,105.789112,nhatang,3.34,40.16,khepkin,6,10
2600000,14.0,20.979128,105.789112,ccmn,3.34,108.16,khepkin,10,10
3500000,20.0,20.9760146,105.784554,ccmn,3.83,72.71,khepkin,10,7
3800000,30.0,21.015368,105.803172,nhatang,5.0,26.9,khepkin,8,9
5500000,30.0,21.0716519862,105.81410378,nhatang,5.9,3.16,khepkin,8,11
5000000,30.0,21.0716519862,105.81410378,nhacap,5.9,3.16,khepkin,8,11
5200000,30.0,21.0716519862,105.81410378,nhatang,5.9,100.16,khepkin,8,11
2000000,25.0,21.029705,105.770685,ccmn,5.69,120.51,khepkin,8,8
1800000,25.0,21.029705,105.770685,nhatang,5.69,210.32,khepkin,8,8
2000000,25.0,21.029705,105.770685,nhatang,5.69,120.51,khepkin,10,10
2600000,20.0,21.0207908422506,105.8180269261099,nhatang,8.45,11.8,khepkin,8,10
2400000,20.0,21.0207908422506,105.8180269261099,nhatang,3.3,11.8,khepkin,8,7
2400000,30.0,20.994746540262,105.82003688748338,ccmn,5.1,120.2,khepkin,6,4
2200000,20.0,21.0207908422506,105.8180269261099,nhacap,4.0,11.8,khepkin,8,10
2500000,20.0,20.9791773013448,105.83465390803974,ccmn,2.1,378.3,khepkin,9,8
2000000,30.0,20.994746540262,105.82003688748338,nhatang,5.0,269.2,khepkin,2,4
4000000,50.0,20.9706448074688,105.82412226747344,nhatang,6.02,149.32,kkk,4,6
3500000,35.0,21.016285391489,105.82500391117726,nhatang,2.2,9.23,khepkin,6,6
700000,14.0,20.9466582144032,105.7568122756741,nhatang,2.13,12.0,khepkin,4,7
5000000,50.0,20.9706448074688,105.82412226747344,nhatang,7.6,26.3,khepkin,6,9
1800000,30.0,20.994746540262,105.82003688748338,nhacap,3.56,269.2,kkk,2,4
4000000,40.0,20.9706448074688,105.82412226747344,nhatang,7.6,26.3,khepkin,6,9
2200000,25.0,20.9875068670727,105.8124854982726,nhatang,4.5,46.32,khepkin,8,6
4500000,75.0,20.9809600674996,105.84512942803266,nhatang,3.56,15.6,kkk,5,8
4100000,75.0,20.9809600674996,105.84512942803266,nhacap,2.68,15.6,kkk,4,4
5100000,50.0,20.9706448074688,105.82412226747344,ccmn,7.6,26.78,khepkin,9,9
1300000,16.0,20.986692730668,105.8431188958794,nhacap,3.74,9.4,khepkin,2,7
2500000,20.0,20.9822413287206,105.82059919401692,nhatang,5.23,2.0,khepkin,5,7
5500000,75.0,20.9809600674996,105.84512942803266,ccmn,3.56,15.6,khepkin,9,10
3200000,20.0,21.0019912954896,105.82953746150592,nhatang,4.17,2.0,khepkin,9,9
2800000,20.0,21.0019912954896,105.82953746150592,nhatang,4.17,131.78,khepkin,5,5
1500000,16.0,20.9926147635455,105.80416781103833,nhatang,6.9,18.2,khepkin,6,8
3500000,20.0,21.0019912954896,105.82953746150592,ccmn,5.17,2.0,khepkin,9,9
1400000,16.0,20.9926147635455,105.80416781103833,nhatang,5.01,120.2,khepkin,6,8
2000000,20.0,20.9700769014843,105.82575980497188,nhatang,5.9,20.1,khepkin,6,8
3000000,30.0,20.9826273516558,105.78730404588195,nhatang,3.45,34.87,khepkin,8,6
1500000,15.0,21.002730355849,105.85636457421512,nhatang,8.4,19.2,khepkin,4,4
2700000,45.0,20.9823620966508,105.80133806534737,nhatang,3.26,90.85,khepkin,4,5
1500000,17.0,21.07145638445498,105.79218646966288,nhatang,6.41,40.0,khepkin,3,6
3000000,45.0,20.9823620966508,105.80133806534737,ccmn,3.36,40.0,khepkin,4,7
2000000,16.0,20.9926147635455,105.80416781103833,ccmn,6.9,18.2,khepkin,9,9
2800000,45.0,20.9823620966508,105.80133806534737,ccmn,3.36,120.0,khepkin,4,7
2000000,22.0,21.04318,105.804842,nhatang,2.25,59.01,khepkin,7,8
1700000,25.0,21.045594,105.79106,ccmn,4.18,40.5,khepkin,7,8
1500000,25.0,21.045594,105.79106,nhatang,1.7,40.5,khepkin,5,8
2700000,23.0,21.048886,105.794483,nhatang,4.59,120.05,khepkin,8,8
1500000,25.0,21.045594,105.79106,nhatang,3.31,32.5,khepkin,9,9
2700000,30.0,21.047073,105.798976,nhatang,3.41,50.05,khepkin,5,5
2500000,23.0,21.048886,105.794483,nhatang,4.49,275.05,khepkin,5,7
2500000,17.0,21.04774,105.798617,ccmn,3.96,50.37,khepkin,6,10
1600000,23.0,21.048886,105.794483,nhacap,4.49,275.05,khepkin,5,7
2600000,18.0,21.045392,105.803825,nhatang,2.78,66.9,khepkin,9,9
1300000,10.0,21.045624,105.7833679,nhatang,3.54,73.13,khepkin,8,8
2300000,17.0,21.04774,105.798617,ccmn,3.56,146.8,khepkin,6,8
3800000,25.0,21.046901,105.78938,nhatang,3.95,52.74,khepkin,9,9
3000000,25.0,21.047159,105.787359,nhatang,2.56,84.95,khepkin,8,8
1500000,15.0,21.048168,105.788904,nhatang,3.09,188.64,khepkin,2,6
2400000,18.0,21.045392,105.803825,nhatang,2.68,126.97,khepkin,4,5
2200000,17.0,21.04774,105.798617,nhatang,3.56,146.8,khepkin,4,8
2800000,18.0,21.045392,105.803825,ccmn,2.78,40.9,khepkin,10,9
1700000,14.0,21.048072,105.789423,ccmn,3.09,98.64,kkk,8,8
3000000,25.0,21.03481,105.796927,nhatang,2.15,37.82,khepkin,7,10
2800000,25.0,21.03481,105.796927,nhatang,2.15,230.82,khepkin,7,5
3500000,25.0,21.03481,105.796927,ccmn,3.68,37.82,khepkin,10,10
5500000,30.0,21.036575,105.797999,nhatang,13.22,4.01,khepkin,11,10
1500000,14.0,21.048072,105.789423,nhatang,3.39,108.32,khepkin,4,6
5000000,30.0,21.036575,105.797999,nhatang,7.22,4.01,khepkin,8,7
3400000,30.0,21.036575,105.797999,nhacap,13.22,4.01,khepkin,6,10
4800000,45.0,21.035099,105.798305,nhatang,3.29,66.31,khepkin,10,10
1200000,14.0,21.048072,105.789423,nhatang,3.09,188.64,kkk,2,6
4500000,45.0,21.035099,105.798305,nhatang,3.19,156.87,khepkin,8,8
5000000,45.0,21.035099,105.798305,ccmn,3.89,34.8,khepkin,11,11
3500000,25.0,21.019675451445632,105.80243451030246,nhatang,4.2,25.01,khepkin,3,1
2300000,25.0,21.06172141098961,105.77784593153925,nhatang,5.05,275.1,khepkin,6,2
2000000,20.0,20.995281842629524,105.85909013106348,nhatang,10.12,3.0,khepkin,4,2
3000000,30.0,21.03247397128509,105.82768422232029,nhatang,3.27,15.99,khepkin,4,4
3600000,25.0,20.96938848906695,105.78112062031347,ccmn,4.55,70.92,khepkin,10,10
2000000,25.0,21.06172141098961,105.77784593153925,nhatang,4.35,275.89,khepkin,4,2
3200000,25.0,20.96938848906695,105.78112062031347,nhatang,3.55,5.0,khepkin,6,5
2300000,30.0,21.036445799752485,105.86777625349336,nhatang,4.12,16.33,khepkin,2,4
2600000,25.0,21.06172141098961,105.77784593153925,ccmn,5.25,59.47,khepkin,6,7
3700000,20.0,20.990715788765165,105.8383961251383,nhatang,4.1,28.23,khepkin,9,2
3000000,30.0,21.022160676516,105.7717965138,ccmn,6.18,3.0,khepkin,9,5
3500000,25.0,20.96938848906695,105.78112062031347,ccmn,4.15,5.0,khepkin,7,5
2800000,30.0,21.022160676516,105.7717965138,ccmn,4.18,3.0,khepkin,9,9
2800000,30.0,20.96438020287692,105.7894041105922,nhatang,5.1,2.0,khepkin,8,3
2000000,15.0,20.995485788069416,105.85988404354146,nhatang,9.8,2.0,khepkin,7,5
1700000,17.0,21.0411253804043,105.80519356728954,nhatang,3.74,89.21,khepkin,6,6
2400000,25.0,20.971129839503128,105.78520295251523,nhatang,5.16,51.0,khepkin,7,2
2750000,30.0,21.022160676516,105.7717965138,nhatang,6.18,3.0,khepkin,9,4
1600000,25.0,21.03443981141265,105.74550960220095,nhatang,7.5,2.0,khepkin,6,5
3000000,18.0,21.010506125666648,105.81013938815086,nhatang,5.39,3.0,khepkin,5,2
1900000,25.0,21.08278162761937,105.76986208378273,nhatang,3.78,2.0,khepkin,9,4
1400000,25.0,21.08278162761937,105.76986208378273,nhacap,3.78,2.0,kkk,4,4
2300000,25.0,21.08278162761937,105.76986208378273,ccmn,4.85,2.0,khepkin,10,7
2500000,17.0,20.980442216208875,105.78638505325392,nhatang,3.76,103.0,khepkin,1,2
3000000,17.0,21.00576934650332,105.8329270628275,nhatang,8.01,18.3,khepkin,6,0
1900000,17.0,21.0411253804043,105.80519356728954,nhatang,4.24,89.21,khepkin,9,9
4000000,30.0,21.02340544173853,105.80363221169792,nhatang,4.3,13.23,khepkin,8,9
1800000,33.0,20.968103365341463,105.7641967418518,nhatang,5.28,2.0,khepkin,1,3
3300000,38.0,21.066972013322097,105.81059518386618,nhatang,5.0,21.1,khepkin,8,5
1600000,17.0,21.0411253804043,105.80519356728954,nhatang,3.24,120.21,khepkin,4,6
3500000,38.0,21.066972013322097,105.81059518386618,ccmn,5.0,21.1,khepkin,8,8
1500000,19.0,21.038210060647337,105.7732103414344,nhatang,8.76,3.0,khepkin,8,2
4000000,25.0,21.00143848472309,105.8240404993445,nhatang,3.45,58.4,khepkin,8,8
3200000,38.0,21.066972013322097,105.81059518386618,nhatang,5.0,68.15,khepkin,6,6
3800000,25.0,21.00143848472309,105.8240404993445,nhatang,3.25,120.4,khepkin,5,5
1900000,25.0,21.00143848472309,105.8240404993445,nhacap,3.45,58.4,kkk,4,8
3000000,25.0,20.97137412602386,105.83451999803128,nhatang,5.28,2.0,khepkin,7,2
3300000,25.0,20.97137412602386,105.83451999803128,ccmn,5.28,2.0,khepkin,7,6
2900000,25.0,20.97137412602386,105.83451999803128,nhatang,4.89,100.23,khepkin,6,2
2500000,25.0,20.989559,105.839415,nhatang,4.28,148.49,khepkin,5,7
2700000,25.0,20.989559,105.839415,ccmn,4.28,98.21,khepkin,8,8
2300000,25.0,20.989559,105.839415,nhatang,3.97,290.32,khepkin,4,4
1500000,15.0,20.993229,105.838977,nhatang,4.38,41.23,khepkin,6,7
1800000,18.0,20.991759,105.839342,nhatang,2.28,40.76,khepkin,9,9
2600000,18.0,21.040976,105.789163,nhatang,3.86,10.87,khepkin,10,10
1200000,18.0,20.991759,105.839342,nhacap,2.28,120.87,kkk,4,5
2000000,25.0,20.989774,105.838381,nhatang,3.4,72.95,khepkin,6,6
1800000,33.0,20.96803281,105.7643197,nhacap,3.62,503.75,khepkin,8,4
5600000,60.0,20.991608,105.840208,nhatang,4.38,4.03,khepkin,8,4
1400000,18.0,20.991759,105.839342,nhacap,2.28,40.76,khepkin,6,7
3200000,60.0,20.991608,105.840208,nhacap,4.38,120.45,kkk,8,4
5200000,60.0,20.991608,105.840208,nhatang,3.56,250.72,khepkin,6,4
6500000,99.0,20.992354,105.838949,nhatang,2.28,88.58,kkk,5,6
4900000,51.0,20.989741,105.83803,nhatang,4.4,72.95,khepkin,8,9
2700000,33.0,20.96803281,105.7643197,ccmn,3.62,120.75,khepkin,8,8
4700000,51.0,20.989741,105.83803,nhatang,4.01,190.95,khepkin,6,6
2800000,51.0,20.989741,105.83803,nhacap,4.4,100.25,khepkin,4,9
1700000,30.0,21.041332,105.788354,nhacap,4.11,30.15,kkk,7,9
2100000,18.0,21.040976,105.789163,nhatang,2.86,70.27,khepkin,4,8
1400000,33.0,20.96803281,105.7643197,nhacap,3.62,503.75,kkk,8,4
1400000,18.0,21.040976,105.789163,nhacap,2.86,130.43,khepkin,4,8
2700000,18.0,21.040696,105.788962,ccmn,4.52,20.43,khepkin,12,9
1400000,30.0,21.041332,105.788354,nhacap,3.12,249.15,kkk,4,4
2100000,18.0,21.040696,105.788962,nhatang,2.82,292.93,khepkin,2,4
2500000,23.0,21.044816,105.786283,ccmn,2.51,16.23,khepkin,7,9
2500000,30.0,21.041332,105.788354,ccmn,5.11,30.15,khepkin,9,9
2300000,23.0,21.044816,105.786283,nhatang,2.51,150.68,khepkin,5,8
2500000,18.0,21.040696,105.788962,nhatang,4.52,91.55,khepkin,6,8
2600000,23.0,21.044816,105.786283,ccmn,3.91,16.23,khepkin,10,10
1600000,25.0,21.04365,105.784904,nhacap,2.56,150.12,kkk,5,6
2600000,25.0,21.04365,105.784904,ccmn,4.56,150.12,khepkin,10,9
1900000,25.0,21.04365,105.784904,nhacap,2.56,150.12,khepkin,6,10
4000000,30.0,21.044019,105.786059,nhatang,3.73,9.6,khepkin,12,12
2200000,15.0,21.009876,105.781261,nhatang,3.19,173.55,khepkin,6,6
3200000,23.0,21.009679,105.78147,ccmn,4.19,10.75,khepkin,10,10
2200000,15.0,21.009876,105.781261,nhatang,3.59,280.55,khepkin,8,8
3100000,23.0,21.009679,105.78147,ccmn,3.79,165.21,khepkin,8,8
1500000,20.0,21.003966,105.781993,nhacap,2.55,43.76,khepkin,6,6
4000000,25.0,21.011374,105.781168,ccmn,2.59,311.18,khepkin,9,6
2800000,23.0,21.009679,105.78147,nhatang,3.79,50.93,khepkin,8,6
3600000,35.0,21.0099571,105.7843298,nhatang,2.39,250.65,khepkin,8,6
5000000,33.0,21.01039,105.782028,ccmn,3.29,45.76,khepkin,10,8
4300000,25.0,21.00879,105.7820685,ccmn,3.19,22.19,khepkin,9,8
2200000,35.0,21.0099571,105.7843298,nhacap,2.39,250.65,khepkin,4,6
3800000,25.0,21.00879,105.7820685,nhatang,2.97,250.43,khepkin,5,8
3800000,35.0,21.0099571,105.7843298,ccmn,3.39,120.65,khepkin,8,6
4500000,25.0,21.00879,105.7820685,ccmn,4.34,22.19,khepkin,10,10
4500000,28.0,21.034055,105.787688,ccmn,4.09,113.35,khepkin,10,10
2800000,20.0,21.035305,105.787904,nhatang,2.52,300.74,khepkin,6,8
4000000,25.0,21.030838,105.791972,nhatang,7.48,5.74,khepkin,10,11
3500000,25.0,21.0321301,105.789222,nhatang,3.9,34.21,khepkin,10,11
1600000,10.0,21.033337,105.786777,nhatang,3.5,206.05,khepkin,5,8
1800000,18.0,21.035507,105.788429,nhacap,2.39,71.92,khepkin,8,9
3800000,25.0,21.035827,105.788256,ccmn,3.39,103.14,khepkin,10,9
1300000,16.0,21.035711,105.790231,nhacap,3.25,178.34,kkk,5,6
2100000,20.0,21.0318504,105.787395,nhacap,7.45,7.92,khepkin,6,10
2400000,16.0,21.035711,105.790231,nhacap,3.25,70.6,khepkin,8,10
4500000,25.0,21.031818,105.789498,nhatang,5.73,9.34,khepkin,10,11
2600000,16.0,21.035711,105.790231,nhatang,3.25,70.5,khepkin,9,10
3200000,27.0,21.030962,105.786037,nhatang,5.73,25.07,khepkin,6,11
4000000,35.0,21.031409,105.785068,nhatang,5.79,74.35,khepkin,5,11
4600000,35.0,21.031624,105.784044,nhatang,6.45,66.28,khepkin,10,11
4700000,35.0,21.031624,105.784044,ccmn,6.55,20.28,khepkin,10,11
4000000,22.0,21.035037,105.778253,ccmn,3.68,47.56,khepkin,10,10
3900000,35.0,21.031624,105.784044,nhatang,3.21,154.43,khepkin,5,5
2500000,25.0,21.033896,105.776683,nhatang,5.0,315.73,khepkin,8,7
2700000,25.0,21.033896,105.776683,nhatang,5.0,145.12,khepkin,5,5
2000000,20.0,21.035472,105.775192,nhatang,3.27,187.48,khepkin,8,8
1500000,25.0,21.033084,105.774937,nhacap,1.92,140.89,khepkin,4,9
2200000,25.0,21.033084,105.774937,nhatang,2.19,20.21,khepkin,9,10
2800000,28.0,21.033557,105.775398,ccmn,2.24,203.38,khepkin,9,9
1600000,25.0,21.033896,105.776683,nhacap,3.68,315.73,kkk,4,4
3200000,28.0,21.033557,105.775398,ccmn,3.44,130.21,khepkin,10,10
21900000,25.0,21.033084,105.774937,nhacap,2.92,140.89,khepkin,6,9
500000,28.0,21.033557,105.775398,nhatang,2.24,110.02,khepkin,9,4
4500000,40.0,21.031035,105.774062,ccmn,5.47,28.74,khepkin,9,10
1800000,14.0,21.03294,105.770337,nhatang,3.77,24.68,khepkin,5,10
5500000,50.0,21.016816,105.805405,nhatang,2.58,10.49,khepkin,8,8
4300000,40.0,21.031035,105.774062,nhatang,5.47,28.74,khepkin,8,8
5200000,50.0,21.016816,105.805405,nhatang,2.58,210.49,khepkin,8,4
4000000,40.0,21.031035,105.774062,ccmn,4.12,129.35,khepkin,6,5
6200000,50.0,21.016816,105.805405,ccmn,3.29,10.49,khepkin,10,10
2000000,15.0,21.017219,105.808285,nhatang,3.58,126.88,khepkin,6,9
2300000,15.0,21.017219,105.808285,nhatang,3.58,12.85,khepkin,9,11
1200000,15.0,21.017219,105.808285,nhacap,3.58,232.95,kkk,4,6
3800000,30.0,21.017804,105.805368,nhatang,2.98,133.97,khepkin,8,9
1800000,18.0,21.017564,105.805634,nhatang,2.63,77.15,khepkin,5,7
1600000,18.0,21.017564,105.805634,nhatang,2.23,130.67,khepkin,5,5
1400000,18.0,21.017564,105.805634,nhacap,2.53,120.28,kkk,4,7
2500000,20.0,21.015592,105.805743,nhatang,3.21,36.65,khepkin,7,9
2900000,20.0,21.015592,105.805743,ccmn,3.21,142.15,khepkin,7,9
2100000,20.0,21.015592,105.805743,nhatang,3.21,320.12,khepkin,5,5
2250000,25.0,21.018139,105.808516,nhatang,2.28,94.69,kkk,6,9
3800000,30.0,21.038952,105.82317,nhatang,2.5,15.93,khepkin,6,6
1700000,20.0,21.045469,105.808712,nhatang,2.56,176.35,kkk,6,5
3000000,30.0,21.040988,105.820207,nhatang,3.98,106.16,khepkin,5,7
3600000,30.0,21.040988,105.820207,ccmn,3.98,23.65,khepkin,10,9
2700000,30.0,21.040988,105.820207,nhatang,3.18,230.54,khepkin,5,5
2500000,15.0,21.04499,105.812432,nhatang,6.02,10.21,khepkin,5,8
1500000,15.0,21.04499,105.812432,nhacap,2.42,120.21,khepkin,6,8
1200000,15.0,21.04499,105.812432,nhacap,3.82,10.21,kkk,5,8
2600000,25.0,21.04093261,105.8188819,nhatang,2.66,137.03,khepkin,7,5
2500000,77.0,21.039613,105.826034,nhacap,1.88,59.73,khepkin,4,8
6200000,77.0,21.039613,105.826034,ccmn,4.7,59.32,khepkin,10,12
3500000,77.0,21.039613,105.826034,nhatang,3.88,59.32,khepkin,6,8
1500000,15.0,21.046028,105.808374,nhatang,2.3,128.23,kkk,6,6
1100000,13.0,21.045025,105.811779,nhacap,1.79,130.21,kkk,4,6
1600000,13.0,21.045025,105.811779,nhatang,5.41,33.96,khepkin,6,8
1600000,10.0,21.00758706,105.8093011964,Nhacap,3.5,66.0,Kkk,6,4
1300000,10.0,20.991646,105.863525,Nhatang,2.2,550.0,Kkk,2,2
3600000,30.0,21.0112995,105.8168879,Nhatang,2.4,379.0,Khepkin,4,5
1500000,13.0,21.045025,105.811779,nhatang,2.29,33.96,khepkin,6,8
750000,12.0,20.951019051,105.75745091,nhatang,4.12,37.98,kkk,2,4
1600000,10.0,20.991646,105.863525,Nhatang,2.2,129.0,khepkin,2,2
1800000,18.0,20.9616737,105.8127399,Nhatang,2.2,700.0,Kkk,6,3
2700000,20.0,21.051503,105.8058931,Ccmm,2.4,100.0,Khepkin,9,8
4000000,25.0,21.0107401,105.7995194,Ccmm,8.2,5.0,Khepkin,12,4
3000000,25.0,21.0236139,105.849723,Nhatang,3.6,5.0,Khepkin,9,6
2700000,28.0,20.955772664,105.7973625455,Ccmn,3.7,100.0,Khepkin,8,7
3400000,25.0,21.0555954,105.8391043,Ccmn,3.2,100.0,Khepkin,12,8
2300000,25.0,21.0236139,105.849723,Nhatang,2.6,156.0,Khepkin,4,6
2200000,15.0,20.9946132,105.8171052,Nhatang,2.4,400.0,Khepkin,8,6
3000000,20.0,21.0156355,105.8058162,Nhatang,8.0,5.0,Khepkin,11,2
3500000,25.0,21.0081633,105.8202698,Nhatang,3.6,5.0,Khepkin,12,6
3000000,22.0,20.997495,105.821833,Nhatang,2.8,5.0,Kkk,12,7
3500000,25.0,20.9875318,105.8129425,Nhatang,2.6,5.0,Khepkin,13,4
2300000,20.0,20.9718662,105.7831197,Nhatang,2.6,5.0,Kkk,12,3
2800000,22.0,20.9720942,105.7773059,Nhatang,2.4,5.0,Khepkin,9,6
3100000,20.0,21.051503,105.8058931,Ccmm,4.4,73.0,Khepkin,9,8
2900000,20.0,20.9718662,105.7831197,Nhatang,3.4,5.0,khepkin,12,7
3300000,35.0,20.9867494,105.7932222,Nhatang,2.2,200.0,Khepkin,10,6
3300000,35.0,20.9963776,105.8624791,Ccmm,2.6,50.0,Khepkin,13,6
2400000,20.0,20.9675864,105.7890517,Nhatang,5.8,5.0,Kkk,10,4
1600000,20.0,20.9718662,105.7831197,Nhacap,2.6,45.0,Kkk,12,3
3400000,25.0,21.0236139,105.849723,Ccmn,3.6,5.0,Khepkin,10,9
2000000,20.0,20.9675864,105.7890517,Nhatang,2.9,89.0,Kkk,5,6
2600000,20.0,20.9675864,105.7890517,Ccmn,5.8,5.0,Khepkin,10,8
1500000,25.0,21.0617164,105.8623586,Nhacap,1.4,1600.0,Kkk,4,2
2000000,20.0,21.007917987,105.8002423263,Nhatang,2.6,350.0,Kkk,6,4
2500000,28.0,21.009421,105.867881,Nhatang,4.9,38.2,Khepkin,7,8
1600000,28.0,21.009421,105.867881,nhacap,4.3,98.3,kkk,2,6
3900000,30.0,20.978783,105.791615,ccmn,3.8,3.0,Khepkin,8,9
3100000,30.0,20.978783,105.791615,nhatang,3.2,261.0,Khepkin,6,5
3600000,25.0,20.980013,105.822345,nhatang,5.1,79.7,Khepkin,8,10
2200000,25.0,20.980013,105.822345,nhacap,3.4,168.7,Khepkin,6,4
2500000,30.0,21.001042,105.75059,nhatang,6.0,6.8,Khepkin,8,7
1700000,30.0,21.001042,105.75059,nhacap,6.0,138.4,kkk,4,6
2600000,22.0,20.961316,105.839269,ccmn,3.9,155.3,khepkin,7,7
2200000,22.0,20.961316,105.839269,nhacap,2.9,155.3,khepkin,5,4
1600000,15.0,20.955716,105.842076,nhatang,3.6,129.9,khepkin,2,4
2200000,15.0,20.955716,105.842076,ccmn,4.5,129.9,khepkin,6,6
2500000,23.0,21.089065,105.792758,nhatang,4.2,58.3,khepkin,8,6
2300000,28.0,20.955772664,105.7973625455,Nhatang,2.6,232.0,Khepkin,4,4
4000000,30.0,21.0112995,105.8168879,Nhatang,2.4,5.0,Khepkin,14,7
1400000,10.0,20.991646,105.863525,Nhatang,1.8,470.0,Kkk,4,6
4100000,30.0,21.0112995,105.8168879,Ccmn,2.9,5.0,Khepkin,6,10
4000000,28.0,21.0055267,105.7791327,Ccmm,14.0,20.0,Khepkin,12,8
2500000,28.0,20.955772664,105.7973625455,Ccmm,2.6,100.0,Khepkin,7,4
3000000,25.0,21.0555954,105.8391043,Nhatang,2.6,100.0,Khepkin,12,5
2300000,14.0,21.089169,105.7980932,Nhatang,6.4,5.0,Khepkin,8,9
2900000,23.0,21.089065,105.792758,ccmn,2.5,104.1,khepkin,8,7
6500000,60.0,21.072514,105.813674,nhatang,3.6,78.0,khepkin,8,10
5000000,60.0,21.072514,105.813674,nhatang,2.1,329.0,kkk,6,6
2500000,19.0,21.003608,105.846088,nhacap,3.2,217.3,kkk,6,5
3000000,30.0,20.990801,105.81546,nhatang,1.9,180.6,Khepkin,5,6
2000000,14.0,21.089169,105.7980932,Nhatang,6.4,5.0,Kkk,8,7
4200000,30.0,20.990801,105.81546,ccmn,5.3,180.6,Khepkin,10,9
2800000,18.0,21.0325002,105.8476534,Nhatang,2.4,500.0,Khepkin,7,6
23500000,19.0,21.003608,105.846088,nhatang,5.2,20.8,khepkin,8,10
200000,13.0,21.0007205,105.853629,Nhatang,2.2,320.0,Kkk,6,4
4500000,26.0,21.0355536,105.8528836,Nhatang,5.03,200.0,Khepkin,14,7
2700000,17.0,21.0364733,105.8028875,Ccmm,6.2,368.0,Khepkin,5,5
4200000,26.0,21.0355536,105.8528836,Nhatang,4.3,200.0,Khepkin,8,7
3000000,14.0,21.089169,105.7980932,Ccmn,6.4,5.0,Khepkin,10,9
4800000,26.0,21.0355536,105.8528836,Ccmn,5.03,52.0,Khepkin,12,12
2800000,30.0,21.0499504,105.8422235,Nhatang,2.6,160.0,Khepkin,10,5
3500000,17.0,21.0364733,105.8028875,Ccmm,6.4,5.0,Khepkin,12,7
2200000,20.0,21.051503,105.8058931,Nhatang,2.4,290.0,Khepkin,4,5
3200000,17.0,21.0364733,105.8028875,nhatang,6.4,5.0,Khepkin,8,7
2700000,25.0,21.0555954,105.8391043,Nhatang,2.6,202.0,Khepkin,5,5
3800000,35.0,20.994142,105.776415,ccmn,5.53,5.0,Khepkin,12,12
2500000,22.0,21.077288,105.7738373,nhatang,4.44,219.0,Khepkin,7,7
3500000,30.0,21.0863576,105.8065808,nhatang,8.6,8.0,Khepkin,9,9
2000000,30.0,21.0863576,105.8065808,nhacap,8.6,138.8,Khepkin,5,8
5500000,30.0,21.014561,105.840337,nhatang,6.8,22.6,Khepkin,12,14
2000000,32.0,20.933508,105.845249,nhacap,5.2,112.0,Khepkin,5,6
3000000,30.0,21.0863576,105.8065808,nhatang,8.6,8.0,Khepkin,5,8
2500000,32.0,20.933508,105.845249,ccmn,5.5,19.0,Khepkin,10,10
2500000,20.0,20.959237,105.820791,nhatang,2.8,6.0,Khepkin,10,8
2500000,40.0,20.956492,105.796681,nhatang,7.6,4.0,Khepkin,4,7
5500000,35.0,21.008657,105.812828,nhatang,8.5,53.6,Khepkin,3,7
2300000,32.0,20.933508,105.845249,nhatang,5.2,69.0,Khepkin,10,10
5800000,35.0,21.008657,105.812828,ccmn,8.5,53.6,Khepkin,10,12
3700000,35.0,21.008657,105.812828,nhatang,3.2,210.4,Khepkin,3,7
6800000,60.0,21.009196,105.808173,nhatang,3.2,4.9,Khepkin,10,13
2000000,25.0,21.032966,105.802645,nhatang,2.1,53.6,Khepkin,3,7
2500000,25.0,21.032966,105.802645,ccmn,2.3,53.6,Khepkin,6,7
4600000,30.0,21.046293,105.812353,nhatang,7.8,53.6,Khepkin,10,12
5000000,35.0,21.0182069,105.7792653,ccmn,3.7,17.8,Khepkin,11,11
3200000,35.0,21.0182069,105.7792653,nhacap,3.7,174.0,Khepkin,4,8
3500000,25.0,20.9680938,105.7819472,ccmn,7.9,5.0,Khepkin,9,12
1500000,25.0,21.032966,105.802645,nhacap,1.9,102.8,kkk,3,6
3000000,25.0,20.9680938,105.7819472,nhatang,7.9,58.2,Khepkin,7,7
1700000,25.0,20.9680938,105.7819472,nhacap,7.9,150.5,kkk,6,6
3000000,42.0,20.955657,105.757303,nhacap,11.8,3.0,Khepkin,5,7
3500000,42.0,20.955657,105.757303,nhatang,11.8,5.0,Khepkin,10,7
2000000,42.0,20.955657,105.757303,nhacap,8.2,3.0,kkk,7,7
2100000,20.0,21.047088,105.779942,nhatang,2.5,116.3,khepkin,8,7
2800000,32.0,20.9988360184,105.8708469269,nhatang,1.9,100.8,khepkin,1,2
1800000,20.0,21.047088,105.779942,nhatang,2.2,120.0,khepkin,2,7
3200000,45.0,20.9766578954,105.8239199494,nhatang,1.9,201.8,khepkin,3,1
4300000,35.0,20.9988360184,105.8708469269,ccmn,3.3,50.6,khepkin,8,8
4000000,45.0,20.9766578954,105.8239199494,ccmn,2.3,56.0,khepkin,8,6
4500000,35.0,21.0182069,105.7792653,nhatang,3.7,17.8,Khepkin,6,8
