nam,thang,giaphong,dientich,vido,kinhdo,loai,drmd,kcdc,loaiwc,giuongtu,banghe,nonglanh,dieuhoa,tulanh,maygiat,tivi,bep,gacxep,thangmay,bancong,chodexe
2021,4,3600000,30.0,20.997043,105.822743,Ccmn,4.5,65.0,Khepkin,1,1,1,1,0,0,0,1,0,0,1,1
2021,4,3000000,20.0,21.009712,105.795407,Nhatang,3.5,96.0,Khepkin,1,1,1,1,1,0,0,1,0,0,1,1
2021,4,4200000,36.0,21.037109,105.800082,Ccmn,2.2,145.0,Khepkin,1,1,1,1,1,1,0,1,0,0,1,1
2021,4,3200000,20.0,20.983192,105.801814,Ccmn,1.9,110.0,Khepkin,1,1,0,1,1,1,0,1,0,0,0,1
2021,4,3000000,27.0,20.984689,105.797868,Ccmn,2.5,123.0,Khepkin,1,1,0,0,0,0,0,1,1,0,1,0
2021,4,3300000,28.0,21.030351,105.773164,Ccmn,2.5,103.0,Khepkin,1,0,0,1,1,0,0,1,0,0,0,1
2021,4,5000000,35.0,21.010186,105.777306,Ccmn,3.0,60.0,Khepkin,1,1,1,1,1,1,0,1,0,1,1,1
2021,4,2600000,18.0,20.98683,105.817048,Nhatang,4.2,299.0,Khepkin,1,1,1,1,0,0,0,0,0,0,1,1
2021,4,3000000,20.0,21.041405,105.804344,Nhatang,2.5,65.73,Khepkin,1,0,1,1,0,0,0,0,0,0,0,1
2021,4,2000000,16.0,20.983685,105.768311,Ccmn,2.2,102.6,Khepkin,0,0,1,1,0,1,0,0,1,0,0,1
2021,4,3500000,34.0,20.987195,105.86217,Nhatang,2.5,89.86,Khepkin,0,0,1,1,0,0,0,0,0,0,0,1
2021,4,2300000,15.0,21.04375,105.751507,Nhacap,2.5,48.0,Khepkin,1,0,1,1,0,0,0,0,0,0,0,1
2021,4,3000000,30.0,20.989147,105.8445,Ccmn,3.0,120.0,Khepkin,0,0,0,1,0,0,0,0,0,0,0,0
2021,4,3000000,20.0,20.984239,105.793567,Nhatang,3.8,20.0,Khepkin,1,1,1,1,1,1,0,1,0,0,0,1
2021,4,2500000,18.0,21.023207,105.808004,Nhatang,5.2,2.0,Khepkin,1,1,1,0,1,0,0,1,0,0,0,1
2021,4,2800000,35.0,20.998645,105.82466,Nhatang,3.0,85.0,Khepkin,0,0,1,1,0,0,0,0,0,0,0,1
2021,4,3500000,25.0,20.988144,105.81281,Nhatang,5.5,2.0,Khepkin,1,1,1,1,1,1,0,1,0,0,0,0
2021,4,1200000,15.0,21.028358,105.775485,Nhatang,5.5,4.0,KKK,1,0,0,0,0,0,0,0,0,0,0,0
2021,4,3200000,20.0,21.009237,105.796901,Nhatang,4.0,42.0,Khepkin,0,0,1,1,0,1,0,1,0,0,0,1
2021,4,4500000,25.0,21.047763,105.845833,Nhatang,3.6,188.0,Khepkin,1,1,1,1,0,0,0,1,0,1,0,0
2021,4,3200000,25.0,20.992904,105.776659,Nhatang,3.2,90.0,Khepkin,1,1,1,0,0,0,0,1,0,1,1,1
2021,4,3000000,30.0,21.083386,105.773739,Ccmn,5.5,4.0,Khepkin,1,1,1,1,0,1,0,0,0,0,1,1
2021,4,2300000,14.0,20.978092,105.7982,Nhatang,3.5,91.0,KKK,1,1,1,1,0,1,0,0,0,0,0,1
2021,4,3000000,25.0,20.983049,105.800786,Ccmn,3.5,2.0,Khepkin,1,1,0,0,1,1,0,1,0,0,0,0
2021,4,2400000,20.0,20.969195,105.786983,Nhatang,4.5,80.0,Khepkin,1,1,0,0,1,1,0,1,0,0,0,0
2021,3,2600000,26.0,21.055867,105.785115,Nhatang,5.0,2.0,Khepkin,0,0,1,0,0,1,0,0,0,0,0,0
2021,3,3500000,25.0,21.076443,105.81496,Ccmn,4.8,6.2,Khepkin,1,0,1,0,1,0,1,0,0,1,0,0
2021,3,3700000,25.0,21.062474,105.833805,Ccmn,3.0,124.0,Khepkin,1,0,1,1,1,1,1,1,0,0,0,1
2021,3,3300000,25.0,20.992125,105.846684,Ccmn,2.1,204.0,Khepkin,1,1,1,0,0,0,0,1,1,0,0,0
2021,3,3000000,40.0,21.022537,105.771257,Ccmn,2.2,311.0,Khepkin,1,0,1,1,1,1,0,1,0,0,1,1
2021,3,2000000,35.0,21.080078,105.909014,Nhatang,2.7,80.0,Khepkin,1,0,1,0,1,1,0,1,0,0,0,0
2021,3,3500000,25.0,21.076172,105.815342,Ccmn,4.8,3.0,Khepkin,1,0,1,0,1,0,1,0,0,1,0,0
2020,12,2200000,28.0,21.009421,105.867881,Nhatang,3.2,38.0,Khepkin,1,0,0,0,0,0,0,1,0,0,1,0
2021,1,3500000,30.0,21.067852,105.792677,Ccmn,3.2,126.2,Khepkin,1,0,1,1,0,0,0,1,0,1,0,1
2021,1,3000000,25.0,21.024281,105.773911,Ccmn,6.3,2.5,Khepkin,1,0,1,0,0,0,0,0,0,0,0,1
2021,1,1500000,12.0,20.984578,105.793788,Nhatang,9.9,4.0,Khepkin,0,0,0,1,0,1,0,0,0,0,0,0
2021,1,3600000,30.0,20.978783,105.791615,Ccmn,3.5,3.0,Khepkin,0,0,1,1,0,1,0,0,0,1,0,1
2021,1,3200000,25.0,20.980461,105.821601,Nhatang,2.5,92.0,Khepkin,0,0,1,1,0,1,0,1,0,0,0,0
2021,1,2000000,30.0,21.001042,105.75059,Nhacap,6.0,6.8,Khepkin,0,0,0,0,0,0,0,0,1,0,0,0
2021,1,1800000,22.0,20.961316,105.839269,Nhacap,2.0,155.3,KKK,1,0,1,0,0,0,0,0,0,0,0,0
2021,1,1300000,15.0,20.955716,105.842076,Nhacap,2.8,129.9,KKK,1,0,0,0,0,0,0,0,0,0,0,1
2021,1,2000000,23.0,21.089065,105.792758,Nhatang,2.2,104.1,Khepkin,1,1,1,1,0,0,0,1,1,0,0,1
2021,1,6000000,60.0,21.072514,105.813674,Nhatang,2.2,78.0,KKK,1,0,1,1,0,0,0,1,0,1,0,0
2021,1,3000000,19.0,21.003608,105.846088,Nhatang,4.5,117.8,KKK,1,1,1,1,0,0,0,1,0,0,0,1
2021,1,3900000,30.0,20.990801,105.81546,Nhatang,4.0,180.6,Khepkin,1,1,1,1,0,1,0,1,0,1,1,1
2021,1,2500000,25.0,20.986776,105.814256,Nhacap,1.8,32.5,Khepkin,1,1,1,1,1,1,0,1,0,0,0,0
2021,1,1500000,10.0,21.045116,105.783296,Nhatang,3.5,103.2,Khepkin,1,0,1,1,0,1,0,0,1,0,0,1
2021,1,1700000,15.0,21.017537,105.829508,Nhatang,7.0,2.5,Khepkin,0,0,0,1,0,0,0,0,0,0,0,1
2021,2,2000000,15.0,21.010923,105.822308,Nhatang,6.5,3.0,Khepkin,0,0,1,1,0,0,0,0,0,0,0,0
2021,4,2000000,15.0,21.034139,105.831339,Nhacap,1.9,40.0,Khepkin,1,0,1,1,1,0,0,0,0,0,0,0
2021,3,1200000,48.0,20.986503,105.861114,Nhatang,7.2,3.0,Khepkin,0,0,1,1,0,1,0,1,0,0,0,1
2021,2,1400000,20.0,21.054054,105.863196,Nhacap,2.8,205.0,Khepkin,0,0,0,0,0,0,0,1,0,0,0,1
2021,3,2800000,21.0,20.99252,105.851992,Nhatang,1.9,23.6,Khepkin,1,0,1,1,0,0,0,0,0,0,1,1
2021,1,2000000,15.0,21.023228,105.807653,Nhatang,5.2,2.0,Khepkin,1,1,1,1,1,1,0,1,0,0,1,1
2021,2,2600000,25.0,21.043236,105.7500777,Nhatang,2.1,42.7,Khepkin,0,0,1,1,0,0,0,0,1,0,0,1
2021,1,1700000,18.0,20.983614,105.8433353,Nhacap,1.8,5.0,Khepkin,1,0,0,0,0,0,0,0,0,0,0,1
2021,1,2500000,25.0,20.963951,105.763638,Nhacap,2.4,54.0,Khepkin,1,0,1,1,0,0,0,0,0,1,0,1
2021,2,1850000,10.0,20.9866488,105.793784,Nhatang,2.9,20.2,Khepkin,0,0,0,0,0,0,0,1,0,0,0,1
2021,1,3500000,40.0,20.998522,105.811098,Nhatang,1.8,37.2,Khepkin,0,0,1,1,0,0,0,0,0,0,1,0
2021,3,2300000,40.0,21.023148,105.834683,Nhatang,1.9,75.6,Khepkin,0,0,0,0,0,0,0,1,0,0,0,1
2021,2,2000000,20.0,20.96953,105.822997,Nhatang,2.7,72.7,Khepkin,1,0,1,1,0,0,0,0,0,1,0,0
2021,4,3700000,24.0,21.024536,105.825177,Nhatang,1.9,188.0,Khepkin,1,0,1,1,0,0,0,1,0,0,0,0
2021,4,3500000,25.0,21.076258,105.81529,Ccmn,12.0,2.0,Khepkin,1,0,1,0,1,0,1,0,0,1,0,0
2021,4,2800000,28.0,20.994409,105.776969,Ccmn,4.5,49.7,Khepkin,1,1,1,1,0,0,0,1,0,0,0,1
2020,12,4000000,30.0,21.061523,105.836001,Ccmn,3.2,237.0,Khepkin,1,0,1,1,1,1,1,1,0,0,1,1
2020,12,3500000,25.0,20.983793,105.784678,Ccmn,3.8,2.0,Khepkin,1,1,1,1,1,1,0,1,0,1,1,1
2020,12,2800000,23.0,20.994748,105.775755,Ccmn,3.2,96.0,Khepkin,1,0,1,1,0,0,0,0,0,0,0,0
2020,12,2300000,28.0,20.972745,105.834669,Nhatang,1.8,55.0,Khepkin,1,0,1,1,1,1,0,1,0,0,0,1
2020,12,2000000,22.0,20.997953,105.887407,Nhatang,3.2,48.0,Khepkin,0,0,0,0,0,0,0,0,1,0,0,1
2020,11,3000000,30.0,20.988543,105.845019,Ccmn,2.6,98.0,Khepkin,0,0,1,1,0,0,1,0,0,0,0,1
2020,12,3500000,25.0,21.013791,105.771107,Ccmn,3.0,30.0,Khepkin,1,1,1,1,1,1,1,0,0,0,0,1
2020,11,2800000,23.0,20.993628,105.776226,Ccmn,5.2,5.0,Khepkin,1,0,1,1,0,0,0,0,0,1,1,0
2021,1,3800000,40.0,21.011762,105.778787,Ccmn,2.5,160.0,Khepkin,1,1,1,1,0,0,0,1,0,1,1,1
2020,8,3000000,24.0,20.988853,105.857346,Nhatang,2.4,72.0,Khepkin,1,0,1,1,0,0,0,1,0,0,0,1
2020,8,1700000,15.0,20.99659,105.876133,Nhatang,4.4,335.0,Khepkin,1,0,1,0,0,0,0,0,0,0,0,1
2020,8,2800000,28.0,20.983526,105.882606,Ccmn,2.2,255.0,Khepkin,1,1,1,1,0,0,0,1,0,1,0,0
2020,6,1500000,20.0,21.072576,105.905518,Nhatang,3.5,44.0,Khepkin,0,0,1,1,0,1,0,0,0,0,0,0
2020,5,2000000,17.0,21.028676,105.798345,Nhatang,2.4,87.0,Khepkin,0,0,1,1,0,0,0,0,0,0,0,1
2020,6,900000,13.0,21.065988,105.777804,Nhacap,1.9,140.0,Khepkin,0,0,0,0,0,0,0,0,0,0,0,1
2020,7,2000000,16.0,20.984852,105.876317,Nhatang,2.0,108.0,Khepkin,1,1,0,0,0,0,0,0,0,0,0,1
2020,5,3500000,30.0,21.026225,105.836024,Nhatang,2.0,59.0,Khepkin,1,0,1,1,0,0,0,0,0,0,1,0
2021,4,1400000,14.0,21.004622,105.850164,Nhatang,2.4,93.11,KKK,1,0,0,0,0,0,0,0,0,0,1,0
2021,3,3000000,25.0,21.005821,105.782432,Ccmn,4.6,15.4,Khepkin,1,0,1,1,0,1,0,1,1,0,0,1
2020,12,3400000,23.0,20.9807766,105.804173,Nhatang,2.8,600.0,Khepkin,1,1,0,0,1,1,0,1,0,0,0,1
2020,12,1100000,25.0,20.9948117,105.7901626,Nhacap,2.4,150.0,KKK,1,0,0,1,0,1,0,0,0,0,1,0
2020,12,2700000,20.0,21.035935,105.8099499,Nhatang,2.6,400.0,Khepkin,1,1,1,0,0,0,0,0,0,0,1,0
2020,12,3000000,18.0,20.9863393,105.8635604,Nhatang,2.6,300.0,Khepkin,0,0,1,1,0,1,0,0,0,0,1,0
2020,12,6000000,50.0,21.0071817,105.8211972,Ccmn,2.8,200.0,Khepkin,0,0,0,0,0,0,0,0,0,0,0,0
2020,12,3000000,15.0,21.0046193,105.8328982,Nhatang,2.6,130.0,Khepkin,1,0,1,1,1,0,0,0,0,0,0,0
2020,10,4000000,30.0,21.0270708,105.7731158,Ccmn,2.8,600.0,Khepkin,1,0,0,1,0,1,0,0,0,0,0,1
2020,11,3000000,30.0,21.0047418,105.8697377,Nhatang,2.6,100.0,Khepkin,1,1,1,0,0,0,0,1,0,0,0,0
2020,10,3200000,20.0,20.9860933,105.7983636,Nhatang,2.4,150.0,Khepkin,1,0,1,1,0,0,0,0,0,0,1,0
2020,10,6800000,60.0,21.011955,105.805172,Ccmn,2.2,86.0,Khepkin,1,1,1,1,0,0,0,1,0,0,1,0
2020,10,2800000,18.0,21.0180243,105.7757127,Nhatang,1.8,350.0,KKK,1,1,1,1,0,1,0,0,0,0,0,1
2020,10,1500000,20.0,21.075483,105.902142,Nhatang,6.0,20.0,KKK,0,0,1,1,0,1,0,0,0,0,1,0
2020,10,1500000,12.0,20.992468,105.825549,Nhacap,2.0,2.0,KKK,1,0,1,0,0,0,0,0,0,0,0,1
2020,10,3900000,25.0,21.032481,105.826863,Nhatang,7.7,2.0,Khepkin,1,0,1,1,0,1,0,1,0,0,0,1
2020,10,3500000,50.0,20.9940564,105.9377185,Nhatang,3.4,500.0,Khepkin,1,0,1,1,1,0,0,0,0,1,0,1
2020,10,2800000,25.0,20.996232,105.821031,Nhatang,3.2,84.0,KKK,1,1,1,1,0,1,0,0,0,0,0,1
2020,10,4000000,39.0,21.035075,105.806934,Nhatang,2.0,106.0,Khepkin,1,0,1,1,1,1,0,0,0,0,0,0
2021,3,2800000,28.0,20.994115,105.776873,Ccmn,4.2,20.15,Khepkin,1,1,1,1,0,0,0,1,0,1,0,1
2021,3,4000000,30.0,21.008353,105.781992,Ccmn,12.9,1.0,Khepkin,1,1,1,1,0,0,0,1,0,1,0,1
2021,4,4000000,35.0,21.060271,105.83619,Nhatang,2.8,218.0,Khepkin,1,0,1,1,1,1,1,1,0,0,0,1
2020,7,3000000,25.0,21.022907,105.827362,Nhatang,3.0,65.0,Khepkin,0,0,0,1,0,0,0,0,0,0,0,0
2020,8,3000000,15.0,21.055034,105.83953,Nhatang,4.1,2.0,Khepkin,1,1,0,0,0,0,0,1,0,0,0,0
2020,8,2400000,30.0,20.994986,105.826305,Nhatang,3.1,130.0,Khepkin,1,0,0,1,0,0,0,0,0,0,1,0
2020,7,1200000,8.0,21.032815,105.797207,Nhatang,2.1,150.0,KKK,1,1,1,0,0,0,0,0,0,0,0,0
2020,7,2300000,15.0,21.053552,105.863132,Ccmn,2.5,97.0,Khepkin,1,0,0,0,1,0,0,1,0,0,0,0
2020,7,1500000,15.0,20.994359,105.827827,Nhatang,1.7,183.0,KKK,1,0,1,1,0,1,0,0,0,0,0,1
2020,8,1500000,21.0,21.0363549,105.86781541,Nhacap,5.2,10.0,KKK,0,0,0,0,0,0,0,1,0,0,0,0
2020,8,2700000,20.0,21.024141,105.816699,Nhatang,2.0,28.0,Khepkin,1,1,1,1,0,1,0,1,0,0,0,1
2021,3,2800000,18.0,21.005737,105.782281,Nhatang,4.6,35.3,Khepkin,1,0,1,1,0,1,0,1,1,0,1,1
2021,3,3300000,25.0,21.008978,105.796913,Nhatang,3.9,18.5,Khepkin,1,1,1,1,0,1,0,1,0,0,0,0
2021,3,4300000,40.0,21.018764,105.775766,Nhatang,4.9,86.92,Khepkin,1,1,0,1,0,0,0,1,0,1,1,1
2021,3,4200000,35.0,21.008492,105.782172,Nhatang,12.9,1.0,Khepkin,1,1,1,1,0,1,0,1,0,0,1,0
2021,2,2000000,34.0,21.022228,105.896859,Nhatang,3.5,78.3,Khepkin,0,0,0,0,0,0,0,0,1,0,0,0
2021,2,3500000,36.0,20.990868,105.818217,Nhatang,2.4,81.63,Khepkin,1,0,1,1,1,0,0,1,0,0,0,1
2021,3,2500000,30.0,20.995364,105.84882,Nhatang,2.2,30.0,Khepkin,1,0,1,1,0,0,0,0,0,0,0,1
2021,3,2800000,30.0,20.995364,105.84882,Ccmn,2.2,30.0,Khepkin,1,1,0,1,1,0,0,0,0,0,1,1
2021,3,2600000,29.0,20.995364,105.84882,Nhacap,2.2,30.0,Khepkin,1,1,0,0,0,0,0,0,0,0,0,1
2021,3,4000000,35.0,20.998393,105.871403,Nhatang,3.3,109.6,Khepkin,1,1,0,1,0,0,0,0,1,0,0,1
2021,3,3500000,45.0,20.985422,105.813359,Nhatang,2.3,56.0,Khepkin,0,0,1,1,0,0,0,0,0,1,0,0
2021,3,3000000,30.0,20.970007,105.789739,Nhatang,3.6,2.0,Khepkin,1,0,1,1,0,1,0,0,0,0,1,1
2021,3,900000,15.0,21.029456,105.775094,Nhacap,3.5,5.0,KKK,0,0,0,0,0,0,0,0,0,0,0,1
2021,3,4300000,40.0,21.008818,105.781849,Ccmn,5.5,46.0,Khepkin,1,1,1,1,0,0,0,1,0,1,0,1
2021,3,3000000,20.0,21.000693,105.8194,Nhatang,3.7,73.5,Khepkin,1,1,1,1,0,0,0,1,0,0,0,1
2021,1,6600000,50.0,21.012272,105.807062,Nhatang,4.0,37.5,Khepkin,1,0,1,1,1,1,0,0,0,1,0,1
2021,3,3500000,30.0,20.96347,105.788393,Nhatang,5.2,20.0,Khepkin,1,1,1,1,1,1,0,1,1,1,1,1
2020,12,3400000,25.0,21.052268,105.811574,Nhatang,4.8,87.0,Khepkin,1,0,1,1,1,1,0,1,0,0,1,1
2021,3,2800000,25.0,20.988254,105.836774,Ccmn,3.5,25.0,KKK,1,1,1,1,0,0,0,1,0,0,0,1
2021,3,2500000,20.0,20.991376,105.817363,Nhatang,4.18,5.0,KKK,0,0,1,1,0,0,0,0,0,0,0,0
2021,3,2800000,15.0,20.990847,105.831857,Nhatang,4.1,37.0,Khepkin,1,0,1,1,0,1,0,0,0,0,1,1
2021,3,2700000,15.0,20.990847,105.831857,Nhatang,4.1,100.79,Khepkin,1,0,1,1,0,1,0,0,0,0,1,1
2021,3,3600000,28.0,21.008912,105.796743,Nhatang,3.5,23.0,Khepkin,1,1,1,1,0,0,0,1,0,1,0,1
2021,3,3000000,30.0,21.014343,105.849397,Nhatang,3.5,11.5,Khepkin,1,0,1,1,1,0,0,0,0,0,0,0
2021,3,3500000,28.0,21.028082,105.795364,Nhatang,3.5,15.0,Khepkin,1,0,0,1,0,0,0,1,0,0,0,0
2021,3,3500000,25.0,20.9874843,105.8124835,Ccmn,4.0,50.0,Khepkin,1,0,1,1,0,0,0,1,0,0,0,1
2021,3,2800000,20.0,20.9697318,105.7884985,Nhatang,5.57,5.0,Khepkin,1,0,1,1,0,1,0,1,0,0,0,1
2021,3,3500000,30.0,21.0301539,105.7742632,Nhatang,6.16,3.0,Khepkin,1,0,1,1,0,1,0,1,0,1,1,1
2021,3,5000000,35.0,21.010324,105.777446,Ccmn,4.8,50.0,Khepkin,1,1,1,1,1,1,0,1,0,1,0,1
2021,4,3300000,28.0,20.994409,105.776969,Ccmn,5.4,49.7,Khepkin,1,1,1,1,0,0,0,1,0,0,0,1
2021,3,2800000,30.0,20.999623,105.824757,Nhatang,3.0,40.0,Khepkin,0,0,1,1,0,0,0,0,0,0,0,1
2021,3,2900000,30.0,20.999623,105.824757,Nhatang,3.7,40.0,Khepkin,0,0,1,1,0,0,0,0,0,0,0,1
2021,4,3500000,30.0,20.995139,105.816691,Nhatang,5.0,70.0,Khepkin,0,0,1,1,0,0,0,1,0,0,0,1
2021,4,2500000,15.0,21.020601,105.828399,Nhatang,3.5,50.0,Khepkin,0,0,1,1,0,0,0,0,0,0,0,0
2021,4,2300000,28.0,20.994409,105.776969,Ccmn,2.5,153.8,Khepkin,1,1,1,1,0,0,0,1,0,0,0,1
2021,4,2500000,14.0,20.977846,105.798198,Nhatang,3.5,30.0,Khepkin,1,1,1,1,0,1,0,0,0,0,0,1
2021,3,3600000,30.0,21.03511,105.799681,Ccmn,3.8,50.0,Khepkin,1,0,1,1,0,0,0,1,1,0,1,1
2021,3,2800000,30.0,20.999623,105.824757,Nhatang,3.7,30.0,Khepkin,0,0,1,1,0,0,0,0,0,0,0,1
2021,4,2000000,15.0,20.984757,105.876218,Nhatang,3.0,84.0,KKK,0,0,0,0,0,0,0,0,0,0,0,1
2021,3,3500000,27.0,21.078894,105.816791,Nhatang,3.9,40.0,Khepkin,1,1,1,0,1,0,0,0,0,1,0,1
2021,3,2300000,23.0,20.964932,105.767329,Nhatang,5.2,43.2,Khepkin,0,0,1,1,0,0,0,0,0,0,0,1
2021,3,3100000,35.0,20.998955,105.824653,Nhatang,4.0,50.0,Khepkin,0,0,1,1,0,0,0,0,0,0,1,1
2021,3,2700000,25.0,21.0713783,105.7953947,Nhatang,3.3,105.12,Khepkin,0,0,1,1,0,0,0,0,0,0,0,1
2020,12,3500000,25.0,21.01635,105.8048,Nhatang,2.7,51.9,Khepkin,0,0,1,1,0,0,0,1,0,0,0,0
2021,3,2700000,15.0,21.050267,105.790952,Nhatang,6.3,40.0,Khepkin,1,0,1,1,0,0,0,0,0,0,0,0
2020,12,2400000,25.5,21.051109,105.79055,Nhatang,5.6,85.0,Khepkin,1,1,1,1,1,1,0,1,0,0,0,0
2021,1,900000,14.0,21.0538868,105.7876175,Nhacap,3.2,120.0,KKK,1,0,0,0,0,0,0,0,0,0,0,1
2020,10,4200000,42.0,21.053614,105.788117,Nhatang,7.8,5.0,Khepkin,0,1,0,0,0,0,0,1,1,0,0,0
2020,10,4100000,42.0,21.053614,105.788117,Nhatang,7.8,79.31,Khepkin,0,0,0,0,0,0,0,0,1,0,0,0
2021,4,2900000,26.0,20.985098,105.797481,Nhatang,2.5,135.0,Khepkin,1,1,0,0,0,0,0,0,0,0,0,1
2021,4,3300000,20.0,21.010093,105.795282,Ccmn,3.5,68.0,Khepkin,1,1,1,1,1,1,1,1,0,0,1,1
2021,4,3500000,30.0,20.996703,105.82233,Ccmn,4.5,100.0,Khepkin,1,0,0,1,0,0,0,0,0,0,1,1
2021,4,2900000,30.0,20.996671,105.823269,Nhatang,3.0,111.0,KKK,1,1,0,0,0,0,0,0,0,0,0,1
2021,4,1300000,20.0,21.03651,105.799811,Nhacap,2.2,130.0,KKK,1,0,0,0,0,0,0,0,0,0,0,1
2021,4,4800000,34.0,21.010455,105.777651,Nhatang,3.0,60.0,Khepkin,1,1,0,1,1,1,0,0,0,1,0,1
2021,4,2700000,19.0,20.98768,105.816845,Nhatang,4.2,320.0,Khepkin,1,1,1,1,1,1,0,0,0,0,1,1
2021,4,3200000,27.0,21.030456,105.77272,Nhatang,2.5,123.0,Khepkin,1,0,0,1,1,0,0,0,0,0,0,1
2021,4,2200000,26.0,20.984835,105.796658,Nhacap,2.5,209.0,Khepkin,1,0,0,0,0,0,0,0,0,0,0,1
2021,4,4000000,35.0,21.036778,105.799709,Nhatang,2.2,152.0,Khepkin,1,1,0,1,0,1,0,1,0,0,1,1
2021,4,3100000,20.0,21.010362,105.795168,Nhatang,4.0,27.0,Khepkin,1,1,1,1,1,0,0,1,0,0,1,1
2021,4,2900000,27.0,21.03069,105.772269,Nhacap,2.5,190.0,Khepkin,1,0,0,1,0,0,0,0,0,0,0,1
2020,8,2600000,16.0,21.0565362,105.7843483,Nhatang,7.8,5.0,Khepkin,0,0,1,0,0,0,0,0,1,0,0,1
2020,10,4500000,42.0,21.053614,105.788117,Nhatang,7.8,5.0,Khepkin,0,0,0,0,0,0,0,1,1,0,0,0
2018,9,2000000,20.0,21.057599,105.78522,Nhatang,3.7,130.0,Khepkin,1,0,0,1,0,0,0,0,0,0,0,0
2019,8,1500000,18.0,21.058918,105.784535,Nhatang,2.8,120.0,Khepkin,0,0,0,0,0,0,0,0,1,0,1,1
2018,1,2200000,26.0,21.053792,105.786237,Nhatang,2.5,87.0,Khepkin,0,0,0,0,0,0,0,0,1,0,0,1
2019,8,1500000,19.0,21.058934,105.784545,Nhatang,2.8,120.0,Khepkin,0,0,0,0,0,0,0,0,1,0,1,1
2017,3,2500000,20.0,21.05136,105.789157,Nhatang,5.5,20.0,Khepkin,0,0,1,1,0,0,0,0,0,0,1,1
2021,3,3000000,25.0,20.979702,105.780597,Nhatang,3.6,90.23,Khepkin,1,0,1,1,1,1,0,1,0,1,1,1
2021,2,3200000,25.0,20.979614,105.780206,Nhatang,3.6,23.23,Khepkin,1,1,1,1,1,1,0,1,0,1,1,1
2020,11,2500000,14.0,20.976478,105.780946,Nhatang,3.2,60.4,Khepkin,0,0,0,0,0,1,0,0,0,0,0,0
2021,4,1000000,13.0,20.977846,105.798198,Nhacap,2.1,120.0,KKK,1,0,0,0,0,0,0,0,0,0,0,1
2020,5,6500000,65.0,20.9867708,105.7801399,Nhatang,6.3,10.5,Khepkin,1,1,1,0,0,0,1,0,0,0,0,1
2021,4,3200000,30.0,21.083159,105.773456,Ccmn,3.5,35.0,Khepkin,1,1,1,1,0,1,0,0,0,0,1,1
2020,3,4200000,40.0,20.980082,105.779856,Nhatang,3.2,12.5,Khepkin,0,0,1,0,0,0,0,1,0,0,1,1
2019,2,3200000,20.0,20.979588,105.780113,Nhatang,2.1,20.5,Khepkin,1,0,1,1,0,0,0,0,0,1,0,1
2021,2,2900000,25.0,20.979614,105.780206,Nhacap,3.6,100.23,Khepkin,1,1,1,1,1,1,0,1,0,1,1,1
2019,8,1500000,9.0,20.9806809,105.77902316,Nhatang,5.4,10.5,Khepkin,1,0,1,0,0,0,0,0,0,0,0,0
2021,4,2200000,30.0,21.083159,105.773456,Nhacap,2.5,100.0,Khepkin,1,1,1,1,0,1,0,0,0,0,1,1
2021,3,4500000,50.0,21.040638,105.80851,Nhatang,6.2,128.0,KKK,1,0,1,1,0,0,0,1,0,0,1,1
2020,7,2900000,27.0,21.037411,105.808723,Nhatang,6.6,168.0,Khepkin,0,0,1,1,0,0,0,0,0,0,0,0
2018,12,1800000,18.0,21.034672,105.805896,Nhatang,7.2,10.0,Khepkin,1,0,0,0,0,0,0,1,0,0,0,1
2021,2,3100000,25.0,20.979614,105.780206,Nhatang,3.6,100.23,Khepkin,1,1,1,1,1,1,0,1,0,1,1,1
2016,6,1700000,20.0,21.034901,105.807191,Nhatang,3.5,10.0,Khepkin,0,0,0,0,0,0,0,0,1,0,0,0
2021,4,1200000,23.0,20.980353,105.801553,Nhacap,2.1,344.0,KKK,1,1,0,0,1,1,0,1,0,0,0,0
2019,8,2200000,25.0,21.032641,105.804752,Nhatang,2.3,52.56,Khepkin,1,0,0,0,0,0,0,1,0,0,0,0
2019,8,2000000,25.0,21.032641,105.804752,Nhacap,2.3,52.56,Khepkin,1,0,0,0,0,0,0,1,0,0,0,0
2016,6,2200000,18.0,21.041531,105.806798,Nhatang,9.2,5.0,Khepkin,1,0,1,1,0,0,0,0,0,0,0,0
2017,6,2000000,25.0,21.050085,105.810452,Nhatang,2.7,242.0,KKK,1,0,1,0,0,0,0,0,0,0,0,0
2019,8,2600000,25.0,21.032326,105.804559,Ccmn,2.3,52.56,Khepkin,1,0,0,1,1,0,0,1,0,0,0,1
2021,2,3400000,30.0,20.9798652,105.7785912,Ccmn,2.7,242.0,Khepkin,1,0,1,1,0,0,0,1,0,0,0,1
2021,2,3500000,25.0,20.979614,105.780206,Nhatang,4.3,23.23,Khepkin,1,1,1,1,1,1,0,1,0,1,1,1
2020,4,3400000,30.0,20.9755388,105.7863626,Ccmn,2.7,242.0,Khepkin,1,0,1,1,0,0,0,1,0,0,1,1
2019,1,3800000,50.0,20.989358,105.773396,Nhatang,5.0,600.93,Khepkin,1,0,1,0,0,0,0,0,1,0,0,1
2018,9,1400000,17.0,20.984083,105.768282,Ccmn,3.4,77.96,Khepkin,0,0,0,0,0,0,0,0,1,0,0,0
2016,7,1800000,20.0,20.97426,105.764257,Ccmn,5.0,318.0,Khepkin,0,0,0,1,0,0,0,0,0,1,1,1
2016,10,1500000,20.0,20.97426,105.764257,Ccmn,5.09,318.0,Khepkin,0,0,0,0,0,0,0,0,0,1,1,1
2016,1,2000000,25.0,20.978824,105.774764,Nhatang,2.8,63.0,Khepkin,0,0,1,0,0,0,0,0,0,0,1,0
2021,2,1200000,15.0,20.995255,105.819164,Ccmn,2.7,169.62,Khepkin,0,0,1,1,0,0,0,0,0,0,0,0
2021,3,2500000,20.0,20.9880064,105.8183255,Nhatang,3.9,120.7,Khepkin,1,0,0,1,0,0,0,0,0,0,1,1
2021,3,2700000,26.0,20.993895,105.817199,Nhatang,2.7,242.0,Khepkin,1,0,1,1,0,0,0,1,1,0,1,1
2020,12,1700000,20.0,20.9887717,105.8180319,Nhatang,2.8,218.21,Khepkin,1,0,1,0,0,0,0,1,1,0,0,0
2020,11,2800000,26.0,20.990328,105.817969,Nhatang,3.4,20.8,Khepkin,0,0,1,1,0,0,0,1,1,0,1,1
2020,11,2900000,26.0,20.990328,105.817969,Ccmn,3.4,20.8,Khepkin,0,0,1,1,0,0,0,1,1,0,1,1
2020,11,2400000,26.0,20.990328,105.817969,Nhacap,3.4,20.8,Khepkin,0,0,1,1,0,0,0,1,1,0,1,1
2020,9,3000000,32.0,20.990688,105.818072,Nhatang,3.4,89.67,KKK,0,0,0,0,0,0,0,1,0,0,0,0
2020,6,1700000,14.0,20.991049,105.818024,Nhatang,2.6,98.6,Khepkin,1,0,1,1,0,0,0,0,0,0,0,0
2020,6,1600000,20.0,20.991627,105.819112,Nhatang,2.2,298.0,Khepkin,0,0,1,0,0,0,0,1,1,0,0,0
2020,8,1500000,12.0,20.992227,105.820309,Ccmn,2.3,209.75,Khepkin,1,1,0,0,0,0,0,0,0,0,1,1
2019,10,1600000,12.0,20.992245,105.818293,Ccmn,2.75,180.0,Khepkin,1,0,1,1,0,0,0,0,0,0,0,1
2020,12,2000000,13.0,20.987522,105.819412,Nhatang,3.8,72.8,Khepkin,0,0,1,1,0,1,0,0,0,0,0,1
2019,1,1200000,12.0,20.992233,105.818608,Ccmn,2.2,310.25,KKK,0,0,0,1,0,0,0,0,0,0,0,1
2020,3,1700000,20.0,20.991391,105.820235,Ccmn,2.2,253.5,Khepkin,0,0,1,0,0,0,0,1,1,0,1,0
2019,4,2200000,25.0,20.987827,105.81866,Nhatang,2.7,40.5,Khepkin,0,0,1,1,0,0,0,1,0,0,0,0
2020,5,1300000,12.0,21.049571,105.770051,Nhacap,5.27,2.0,Khepkin,0,0,0,0,0,0,0,1,1,0,0,0
2019,1,3500000,28.0,20.985445,105.819687,Nhatang,4.6,398.0,Khepkin,1,1,0,1,0,0,0,0,0,0,0,1
2019,1,2000000,12.0,20.992227,105.820309,Ccmn,2.5,209.75,Khepkin,1,1,1,1,1,0,0,0,0,0,1,0
2019,2,2000000,22.0,20.984185,105.819058,Ccmn,3.0,307.01,Khepkin,0,0,0,0,0,0,0,0,0,0,1,1
2018,11,1500000,12.0,20.988991,105.819619,Ccmn,2.8,140.8,Khepkin,1,0,0,1,0,0,0,0,0,0,0,1
2021,4,3500000,28.0,21.024536,105.825177,Nhatang,3.4,30.0,Khepkin,1,0,1,1,0,0,0,1,0,0,1,1
2018,11,1500000,12.0,20.988554,105.820058,Ccmn,2.5,182.8,Khepkin,1,0,1,0,0,0,0,0,0,0,1,1
2017,9,1400000,12.0,20.9921241,105.8180594,Ccmn,2.5,210.75,Khepkin,0,0,0,0,0,0,0,0,1,0,0,0
2018,8,2500000,50.0,20.991323,105.820339,Ccmn,1.8,312.35,Khepkin,0,0,0,0,0,0,0,1,0,0,0,0
2016,6,2500000,25.0,20.98542,105.8197,Ccmn,2.9,40.67,Khepkin,0,0,0,1,0,1,0,0,0,0,0,0
2021,4,3200000,24.0,21.024536,105.825177,Nhatang,2.0,320.0,Khepkin,1,0,1,1,0,0,0,1,0,0,0,0
2018,10,2000000,16.0,20.99202,105.81964,Ccmn,2.5,270.75,Khepkin,1,0,0,1,0,0,0,0,0,0,1,0
2017,11,1200000,11.0,20.992293,105.819538,Ccmn,2.5,260.75,Khepkin,1,0,0,1,0,0,0,0,0,0,1,1
2017,5,1600000,13.0,20.991957,105.816777,Ccmn,2.9,48.67,Khepkin,1,0,1,1,0,0,0,0,0,0,1,0
2017,8,1400000,13.0,20.9899079,105.8172975,Nhatang,2.5,210.75,Khepkin,0,0,0,1,0,0,0,0,0,0,1,0
2017,6,2000000,20.0,20.99146,105.819279,Nhatang,2.7,188.75,Khepkin,1,0,0,1,0,0,0,0,0,0,1,0
2018,11,700000,10.0,20.983528,105.818179,Nhacap,2.4,160.0,KKK,0,0,0,0,0,0,0,0,0,0,0,1
2018,7,1400000,13.0,20.990592,105.816782,Ccmn,3.2,63.8,Khepkin,0,0,0,0,0,0,0,0,0,0,0,0
2017,6,2400000,25.0,20.990762,105.818379,Nhatang,3.5,95.67,KKK,0,0,1,0,0,0,0,0,0,0,1,1
2017,12,1200000,12.0,20.993577,105.820494,Ccmn,2.5,130.75,Khepkin,0,0,0,0,0,0,0,0,0,0,0,0
2016,9,520000,20.0,20.989938,105.818307,Nhacap,2.5,20.0,KKK,0,0,0,0,0,0,0,0,0,0,0,1
2016,4,1600000,12.0,20.992182,105.818983,Nhatang,2.8,180.75,Khepkin,1,1,1,0,0,0,0,1,0,0,0,1
2021,3,3200000,30.0,21.04528,105.785682,Nhatang,4.0,73.6,Khepkin,1,0,1,1,0,0,0,0,0,0,1,1
2016,9,1220000,20.0,20.99006,105.818889,Nhacap,2.5,20.0,Khepkin,1,0,0,0,0,0,0,0,0,0,0,1
2019,8,1700000,16.0,21.04324,105.804756,Nhatang,3.5,79.5,Khepkin,1,0,1,0,0,0,0,0,0,0,1,1
2019,8,1600000,16.0,21.04294,105.804107,Nhatang,3.0,140.5,Khepkin,0,0,1,0,0,0,0,0,0,0,1,0
2016,6,2000000,20.0,21.042991,105.803651,Nhatang,3.5,163.27,Khepkin,0,0,1,1,0,0,0,0,0,0,0,1
2019,8,2000000,25.0,21.04233,105.80376,Nhatang,2.9,122.27,Khepkin,1,0,1,0,0,0,0,1,0,0,1,0
2019,8,2500000,20.0,21.045836,105.785711,Nhatang,3.5,5.7,Khepkin,1,0,1,1,0,0,0,0,0,0,0,1
2019,8,2400000,20.0,21.045535,105.784717,Nhatang,3.5,15.7,Khepkin,1,0,1,1,0,0,0,0,0,0,0,1
2016,1,1900000,22.0,21.048169,105.795002,Nhatang,2.2,160.83,Khepkin,0,0,0,0,0,0,0,0,0,0,0,0
2019,8,4500000,60.0,21.047617,105.798362,Nhatang,4.57,57.9,Khepkin,0,0,1,1,0,0,0,1,0,0,0,1
2016,5,2000000,20.0,21.045419,105.803782,Nhatang,2.5,70.5,Khepkin,0,0,1,1,0,0,0,0,0,0,1,0
2016,6,2000000,25.0,21.046954,105.798932,Nhatang,2.3,65.5,Khepkin,1,0,1,0,0,0,0,0,0,0,0,1
2019,8,2200000,25.0,21.04233,105.80376,Nhatang,3.5,122.27,Khepkin,1,0,1,0,0,0,0,1,0,0,1,0
2016,7,3000000,25.0,21.047259,105.793377,Nhatang,4.57,89.5,Khepkin,1,0,1,1,0,0,0,0,0,0,1,1
2016,7,2500000,24.0,21.043248,105.804118,Nhatang,4.4,137.27,Khepkin,1,1,0,0,0,0,0,0,0,0,0,1
2016,12,3300000,25.0,21.047389,105.783213,Ccmn,4.28,117.5,Khepkin,1,0,1,1,0,1,0,1,0,0,1,1
2018,3,3500000,18.0,21.045874,105.785487,Nhatang,12.6,2.5,Khepkin,0,0,0,0,0,0,0,0,1,0,0,1
2018,10,3500000,30.0,21.047593,105.788003,Nhatang,4.4,140.97,Khepkin,1,0,1,1,0,0,0,1,0,0,1,1
2018,10,3500000,25.0,21.047033,105.788249,Nhatang,4.4,65.97,Khepkin,1,0,1,1,0,1,0,1,0,0,1,1
2018,9,3800000,25.0,21.043559,105.790875,Nhatang,10.5,3.0,Khepkin,1,1,0,1,1,0,0,1,0,0,1,1
2018,10,3900000,30.0,21.046802,105.791142,Nhatang,4.5,60.24,Khepkin,1,0,1,1,1,0,0,0,0,0,1,1
2020,3,2000000,20.0,21.048196,105.792279,Nhatang,3.3,60.24,Khepkin,1,0,1,1,0,1,0,0,0,0,0,0
2017,11,2500000,17.0,21.045087,105.800932,Nhatang,4.3,120.9,Khepkin,0,0,0,0,0,1,0,1,0,0,0,1
2020,12,6500000,50.0,21.0460511,105.7916743,Ccmn,4.83,48.24,Khepkin,1,0,1,1,0,0,0,0,0,0,1,0
2021,3,1399000,20.0,20.995773,105.842988,Ccmn,2.5,7.25,Khepkin,1,0,1,1,1,1,0,1,0,0,0,0
2021,3,2000000,17.0,21.0008467,105.8138979,Nhatang,1.8,250.0,Khepkin,0,1,1,0,0,0,0,0,0,0,0,1
2021,3,3200000,17.0,21.0648454,105.8349501,Nhatang,3.0,300.0,Khepkin,1,0,1,1,1,1,0,1,0,0,0,1
2021,3,1500000,20.0,21.0092023,105.7948642,Nhatang,3.2,350.0,KKK,0,0,1,1,0,1,0,1,0,0,0,1
2021,3,2500000,20.0,21.007038,105.818401,Nhatang,2.1,59.0,Khepkin,1,0,1,1,0,0,0,0,0,0,1,0
2021,2,2600000,20.0,21.021268,105.774617,Nhatang,3.2,40.0,Khepkin,0,0,1,1,0,0,0,1,1,0,0,1
2021,3,3500000,25.0,21.076196,105.81519,Ccmn,7.3,5.0,Khepkin,1,0,1,0,1,0,1,0,0,1,0,0
2020,12,2000000,18.0,20.9873103,105.8638953,Nhatang,3.2,5.0,Khepkin,1,0,1,1,0,0,0,0,0,0,0,0
2021,3,3000000,30.0,21.0215123,105.8290527,Nhatang,1.8,300.0,Khepkin,0,0,1,1,0,0,0,0,0,0,0,0
2021,3,2800000,38.0,21.0575538,105.9024322,Ccmn,2.8,100.0,Khepkin,0,0,1,1,0,0,0,1,0,0,0,1
2021,3,2900000,18.0,21.0641913,105.8097712,Nhatang,2.6,150.0,Khepkin,1,1,1,1,0,1,0,1,0,0,0,1
2021,3,2000000,25.0,20.9604869,105.8682143,Nhatang,3.0,400.0,KKK,1,0,1,0,0,0,0,0,0,0,1,0
2021,3,2300000,22.0,21.0587451,105.89450557624,Nhatang,4.2,1.5,Khepkin,0,1,1,1,0,0,0,1,0,0,0,1
2021,3,2300000,17.0,20.997918,105.818472,Nhatang,3.8,2.0,Khepkin,0,0,1,1,0,0,0,1,0,0,0,1
2021,3,2200000,16.0,20.943636,105.843027,Nhatang,3.0,69.9,Khepkin,1,1,1,1,0,1,0,0,0,0,0,1
2021,3,2200000,15.0,20.998216,105.818508,Nhatang,3.8,2.0,Khepkin,0,0,1,1,0,0,0,1,0,0,0,1
2021,3,1200000,20.0,20.982526,105.844092,Nhacap,2.0,26.0,Khepkin,0,0,0,0,0,0,0,0,1,0,0,1
2021,3,3600000,25.0,21.066059,105.834255,Nhatang,3.0,133.0,Khepkin,1,0,1,1,1,1,1,1,0,0,0,1
2021,3,1900000,15.0,20.997076,105.818183,Nhacap,3.8,2.0,Khepkin,0,0,1,1,0,0,0,1,0,0,0,1
2021,3,4000000,40.0,21.00292,105.802697,Nhatang,3.5,40.0,Khepkin,1,0,0,0,0,0,0,0,0,0,1,1
2021,3,1800000,24.0,20.953315,105.834445,Nhacap,2.2,50.0,Khepkin,0,0,0,0,0,0,0,1,1,0,0,0
2021,3,1600000,24.0,20.953315,105.834445,Nhacap,2.2,50.0,KKK,0,0,0,0,0,0,0,1,1,0,0,0
2020,12,1700000,30.0,21.0024642,105.9026115,Nhacap,2.0,800.0,Khepkin,1,0,1,0,0,0,0,1,1,0,0,0
2021,3,2300000,16.0,21.0315048,105.8020914,Nhatang,1.8,200.0,Khepkin,0,0,1,1,0,0,0,0,0,0,0,0
2021,3,2300000,24.0,20.953315,105.834445,Nhacap,2.5,50.0,Khepkin,0,0,0,0,0,0,0,1,1,0,0,0
2021,3,800000,12.0,20.9713024,105.7845287,Nhatang,2.4,100.0,Khepkin,1,0,0,0,0,0,0,0,0,0,0,0
2021,3,800000,12.0,21.043319,105.748683,Nhacap,2.8,250.0,KKK,0,0,1,1,0,0,0,0,0,0,0,0
2021,3,1600000,20.0,21.053899,105.783712,Nhacap,2.9,30.0,KKK,1,0,0,0,0,0,0,0,0,0,0,1
2021,3,4500000,30.0,21.035526,105.852996,Nhatang,4.3,3.0,Khepkin,1,1,1,1,0,1,0,1,0,0,0,0
2021,3,2500000,18.0,20.996615,105.85659,Nhatang,3.2,20.0,Khepkin,0,0,1,1,0,0,0,0,0,0,0,0
2021,3,2000000,18.0,20.96719,105.836811,Nhatang,4.2,97.67,KKK,0,0,1,1,0,0,0,0,0,0,0,1
2021,3,1600000,12.0,21.024991,105.825941,Nhatang,2.2,130.0,Khepkin,1,1,0,0,0,0,0,0,0,0,1,1
2021,3,3000000,20.0,21.009346,105.796969,Nhatang,3.5,30.0,Khepkin,1,1,1,1,0,1,0,1,0,0,0,0
2021,3,3500000,28.0,20.999226,105.816492,Nhatang,4.3,95.0,Khepkin,1,0,1,1,0,0,0,0,0,1,0,1
2021,4,4500000,34.0,20.997068,105.810787,Nhatang,14.5,4.0,Khepkin,1,0,1,1,1,1,1,1,0,0,0,0
2021,3,2300000,30.0,20.977083,105.823595,Nhatang,5.9,61.24,Khepkin,1,1,1,1,0,0,0,0,0,0,0,1
2021,3,3500000,20.0,21.035478,105.810557,Nhatang,10.0,6.1,Khepkin,0,0,1,1,0,1,1,1,0,0,0,0
2021,3,2600000,26.0,21.055903,105.785095,Nhatang,6.0,10.0,Khepkin,0,0,1,0,0,1,0,0,0,0,0,0
2021,3,1100000,10.0,21.004716,105.819713,Nhacap,5.3,50.0,KKK,1,1,0,0,0,0,0,0,0,0,0,1
2021,3,1800000,20.0,20.96725,105.836688,Nhatang,4.3,90.4,Khepkin,0,1,0,0,0,0,0,1,0,0,0,1
2021,3,2700000,25.0,20.96444,105.766654,Nhatang,5.2,53.92,Khepkin,0,0,1,1,0,0,0,1,0,0,0,0
2021,3,1200000,18.0,20.97663,105.781279,Nhatang,2.5,70.65,Khepkin,1,0,0,0,0,0,0,0,0,0,1,0
2021,3,3500000,26.0,21.011178,105.817202,Nhatang,3.8,42.6,Khepkin,1,0,1,1,0,1,0,1,0,0,0,1
2021,3,2800000,20.0,20.995682,105.773003,Nhatang,6.6,5.2,Khepkin,0,0,0,0,0,1,0,0,0,1,1,0
2021,3,2300000,22.0,21.041979,105.776725,Nhatang,6.0,20.75,Khepkin,1,0,0,1,0,0,0,0,0,0,0,1
2021,3,3000000,18.0,21.004276,105.811363,Nhatang,5.3,10.0,Khepkin,1,0,1,1,0,0,0,0,1,0,0,1
2021,3,2000000,16.0,21.016517,105.8373,Nhacap,3.2,78.19,Khepkin,1,0,0,1,0,0,0,1,1,0,0,1
2021,3,1500000,20.0,21.002483,105.826496,Nhatang,1.6,84.32,Khepkin,1,1,0,0,0,0,0,0,0,0,0,1
2021,3,6000000,22.0,21.013516,105.839297,Ccmn,3.25,10.15,Khepkin,1,0,1,1,1,0,0,1,0,0,0,1
2021,3,3500000,16.0,21.020792,105.775128,Nhatang,3.5,45.0,Khepkin,0,0,0,0,0,0,0,1,0,1,0,0
2021,3,2500000,16.0,21.020792,105.775128,Nhacap,3.5,45.0,Khepkin,0,0,0,0,0,0,0,1,0,1,0,0
2021,3,3000000,25.0,20.997401,105.813595,Nhatang,2.7,25.0,Khepkin,1,0,1,1,0,1,0,1,0,0,1,0
2021,3,1800000,20.0,21.04036,105.764403,Nhatang,4.3,36.24,Khepkin,1,0,1,1,0,0,0,0,1,0,0,0
2021,3,3500000,20.0,21.0164931,105.822814,Nhatang,6.15,40.0,Khepkin,1,0,1,1,0,0,0,0,0,0,1,0
2021,3,3200000,16.0,21.020792,105.775128,Nhatang,3.5,70.0,Khepkin,0,0,0,0,0,0,0,1,0,1,0,0
2021,2,3500000,25.0,20.970898,105.778978,Nhatang,6.73,56.5,Khepkin,1,1,1,1,1,1,0,1,0,1,1,1
2021,2,3800000,30.0,21.010646,105.838657,Nhatang,3.5,40.0,Khepkin,1,0,1,1,0,1,0,1,0,0,0,1
2021,2,2200000,20.0,21.043489,105.804274,Nhatang,2.7,103.5,Khepkin,1,0,1,1,0,0,0,0,0,0,0,1
2021,2,4500000,40.0,20.976891,105.780777,Ccmn,3.5,120.75,Khepkin,1,1,1,1,1,0,0,1,0,1,0,1
2021,2,1600000,10.0,21.02284367,105.8279307,Nhatang,4.5,100.0,KKK,0,0,1,0,0,0,0,1,0,0,0,1
2021,2,3500000,30.0,21.0268003,105.768113,Ccmn,3.2,500.0,Khepkin,1,1,1,1,1,1,0,1,0,0,1,0
2021,1,3900000,30.0,20.9996107,105.818603,Ccmn,4.9,40.0,Khepkin,1,0,0,0,0,1,0,1,0,1,1,0
2021,4,1700000,16.0,21.028588,105.775,Nhatang,5.5,4.0,Khepkin,1,1,0,1,0,0,0,0,0,0,0,0
2021,4,1900000,15.0,21.028847,105.775148,Nhatang,5.5,4.0,KKK,1,1,0,1,1,0,0,0,0,0,0,1
2021,4,3000000,20.0,21.010068,105.797312,Nhatang,3.5,200.0,Khepkin,0,0,1,1,0,1,0,1,0,0,0,1
2021,4,2500000,21.0,21.009417,105.797185,Nhacap,4.0,42.0,Khepkin,0,0,1,1,0,1,0,1,0,0,0,1
2021,4,3450000,25.0,20.989027,105.812843,Nhatang,5.5,2.0,Khepkin,1,1,1,1,1,1,0,1,0,0,0,0
2021,4,3100000,25.0,20.992202,105.776982,Nhatang,3.2,150.0,Khepkin,1,1,1,0,0,0,0,1,0,1,1,1
2021,4,3500000,25.0,20.988144,105.81281,Ccmn,5.5,2.0,Khepkin,1,1,1,1,1,1,0,1,0,0,1,1
2021,4,2600000,25.0,20.992904,105.776659,Nhacap,3.2,200.0,Khepkin,1,1,1,0,0,0,0,1,0,1,1,1
2021,4,3600000,25.0,20.988144,105.81281,Ccmn,5.5,2.0,Khepkin,1,1,1,1,1,1,0,1,0,0,0,0
2021,4,2900000,30.0,20.98965,105.844293,Nhatang,3.0,120.0,Khepkin,0,0,0,1,0,0,0,0,0,0,0,0
2021,4,3200000,25.0,20.988393,105.812161,Nhatang,2.5,75.0,Khepkin,1,1,1,1,1,1,0,1,0,0,0,0
2021,4,2700000,30.0,20.98987,105.844382,Nhacap,3.0,120.0,Khepkin,0,0,0,1,0,0,0,0,0,0,0,0
2021,1,3500000,28.0,21.03022,105.771956,Nhatang,4.0,130.0,Khepkin,1,1,1,1,1,1,0,1,0,0,1,1
2021,4,2600000,35.0,20.998817,105.82424,Nhatang,2.2,150.0,Khepkin,0,0,1,1,0,0,0,0,0,0,0,1
2021,4,3000000,35.0,20.998645,105.82466,Ccmn,3.0,85.0,Khepkin,0,0,1,1,0,0,0,0,0,0,0,1
2021,4,3200000,20.0,21.042093,105.804335,Ccmn,2.5,40.9,Khepkin,1,0,1,1,0,0,0,0,0,0,0,1
2021,4,3200000,20.0,21.042871,105.805111,Nhatang,3.5,5.73,Khepkin,1,0,1,1,0,0,0,0,0,0,1,1
2021,4,3700000,34.0,20.98736,105.862138,Nhatang,3.0,89.86,Khepkin,0,0,1,1,0,0,0,0,0,0,0,1
2021,4,3200000,34.0,20.987034,105.861909,Nhacap,2.5,116.86,Khepkin,0,0,1,1,0,0,0,0,0,0,0,1
2021,4,1800000,16.0,20.984586,105.767855,Nhatang,2.2,102.6,Khepkin,1,0,1,1,0,1,0,0,1,0,1,1
2021,4,1700000,16.0,20.984118,105.768071,Nhacap,2.2,200.6,Khepkin,0,0,1,1,0,1,0,0,1,0,0,1
2021,1,2500000,22.0,21.0732267,105.79437183,Nhatang,3.3,105.12,Khepkin,1,0,1,0,1,0,0,0,0,0,0,1
2020,9,2000000,16.0,21.000381,105.879752,Nhatang,4.5,30.0,Khepkin,1,1,0,1,0,0,0,0,0,0,0,1
2017,5,2800000,24.0,21.035002,105.791361,Nhatang,6.52,75.04,Khepkin,1,0,1,1,0,0,0,0,0,0,1,0
2020,2,3000000,23.0,21.031671,105.786487,Nhatang,7.2,46.94,Khepkin,1,0,0,0,0,0,0,0,0,1,0,0
2020,11,3800000,15.0,21.010017,105.805675,Nhatang,4.0,2.0,Khepkin,1,1,0,1,1,0,0,0,0,0,1,1
2020,9,1500000,15.0,21.001512,105.877111,Nhatang,4.5,28.0,Khepkin,1,0,0,0,0,0,0,0,0,0,0,1
2018,4,2300000,34.0,21.032674,105.785776,Nhatang,2.4,149.21,KKK,0,0,1,1,0,0,0,1,0,0,1,1
2020,11,3200000,15.0,21.009704,105.806175,Nhatang,4.0,2.0,Khepkin,1,1,1,1,1,1,0,0,0,0,1,1
2020,8,2200000,25.0,21.0305962,105.7862149,Nhatang,3.64,106.45,Khepkin,0,0,1,1,0,0,0,0,0,0,1,0
2020,9,1300000,15.0,21.000935,105.877817,Nhacap,4.5,21.0,Khepkin,1,0,0,0,0,0,0,0,0,0,0,1
2021,2,4099999,33.0,21.037662,105.809642,Nhatang,6.56,5.2,Khepkin,1,1,0,0,0,1,0,0,0,0,1,1
2020,11,3400000,28.0,21.009518,105.80648,Ccmn,4.0,2.0,Khepkin,1,1,1,0,1,1,0,0,0,0,1,1
2020,12,3000000,35.0,21.034259,105.811035,Nhatang,3.32,89.55,Khepkin,0,0,1,1,0,0,0,0,0,0,0,1
2019,8,1500000,17.0,21.036919,105.811089,Nhatang,3.0,104.8,Khepkin,1,0,0,0,0,0,0,0,0,0,1,1
2018,1,2000000,15.0,21.036942,105.817049,Nhatang,3.5,82.11,Khepkin,1,0,1,0,0,1,0,0,0,0,1,1
2018,1,1900000,14.0,21.036942,105.817049,Nhatang,3.4,120.11,Khepkin,1,0,1,0,0,1,0,0,0,0,0,0
2019,8,1500000,12.0,21.037629,105.824746,Nhatang,3.1,72.68,KKK,1,1,1,0,0,0,0,0,0,0,1,0
2016,3,1700000,18.0,21.037081,105.812409,Nhatang,3.3,236.69,KKK,0,0,1,1,0,0,0,0,0,0,1,1
2016,5,2600000,30.0,21.037416,105.813743,Nhatang,2.8,50.69,KKK,1,1,0,1,0,0,0,1,0,0,0,0
2018,1,1800000,15.0,21.036942,105.817049,Nhatang,2.7,120.11,Khepkin,0,0,1,0,0,1,0,0,0,0,0,0
2016,7,1200000,12.0,21.037695,105.811708,Nhatang,6.5,13.23,Khepkin,1,1,0,0,0,0,0,0,0,0,0,1
2016,7,1700000,12.0,21.037695,105.811708,Ccmn,6.5,13.23,Khepkin,1,0,0,1,0,0,0,0,0,0,1,1
2016,7,1000000,12.0,21.037695,105.811708,Nhacap,6.5,13.23,KKK,0,0,0,0,0,0,0,0,0,0,0,1
2016,9,1800000,21.0,21.035096,105.822761,Nhatang,3.24,30.02,Khepkin,0,1,1,0,0,0,0,0,0,0,0,1
2021,4,2000000,14.0,21.004622,105.850164,Nhatang,4.3,32.2,Khepkin,1,0,0,1,0,0,0,0,0,0,1,0
2018,12,3500000,20.0,21.035055,105.824365,Nhatang,6.56,5.02,Khepkin,1,1,1,0,0,1,0,1,0,0,1,0
2021,4,1100000,14.0,21.004622,105.850164,Nhacap,2.4,93.11,KKK,1,0,0,0,0,0,0,0,0,0,1,0
2016,10,2500000,22.0,21.033746,105.82513,Nhatang,3.35,126.52,Khepkin,1,0,0,1,0,0,0,0,0,0,0,0
2018,5,1300000,10.0,21.033871,105.82987,Nhatang,3.65,66.52,KKK,0,0,0,0,0,0,0,0,0,0,1,1
2018,2,3000000,30.0,21.036612,105.808514,Nhatang,3.65,35.52,KKK,1,0,0,1,1,1,1,1,0,0,0,0
2018,6,4500000,30.0,21.034777,105.829859,Nhatang,6.6,7.6,Khepkin,0,0,0,0,0,1,0,0,0,0,0,0
2018,10,3500000,40.0,21.038958,105.814271,Nhatang,2.4,140.7,Khepkin,0,0,0,0,0,0,0,1,0,0,0,1
2019,10,2450000,17.0,21.037724,105.816894,Nhatang,5.27,110.81,Khepkin,1,0,1,1,0,1,0,0,0,0,0,1
2019,11,3200000,25.0,21.036138,105.820268,Nhatang,4.6,40.7,Khepkin,1,0,0,0,0,1,0,0,0,0,0,0
2020,2,1300000,24.0,21.035666,105.830344,Nhatang,3.12,40.7,Khepkin,0,0,0,0,0,0,0,1,0,0,0,1
2020,6,1700000,14.0,21.03655,105.817817,Nhatang,3.28,110.81,Khepkin,1,1,0,0,0,0,0,0,0,0,1,1
2019,11,1300000,30.0,21.036836,105.823392,Nhatang,2.56,210.31,Khepkin,1,1,1,1,1,1,0,1,0,0,0,0
2020,5,1400000,10.0,21.03526,105.824089,Nhatang,6.56,15.42,Khepkin,1,0,1,1,0,1,0,0,0,0,0,1
2020,4,1500000,12.0,21.035121,105.8243085,Nhatang,6.56,4.23,Khepkin,1,0,0,0,0,1,0,0,0,0,0,1
2020,2,2500000,20.0,21.034858,105.824017,Nhatang,3.1,5.54,KKK,0,1,0,1,0,0,0,0,0,0,1,0
2020,3,2000000,14.0,21.034895,105.820993,Nhatang,3.2,26.59,Khepkin,1,0,0,0,0,0,0,0,0,0,1,1
2020,7,2800000,25.0,21.034189,105.824288,Nhatang,3.3,83.81,Khepkin,1,1,1,1,1,1,0,1,0,0,0,1
2020,7,1400000,8.5,21.0344675,105.8297077,Nhatang,4.6,86.81,Khepkin,0,0,1,0,0,0,0,0,0,0,1,1
2021,2,2800000,19.0,21.0356532,105.7871272,Nhatang,3.74,32.57,Khepkin,1,1,1,1,0,0,0,1,0,0,1,1
2019,8,4900000,50.0,21.0361863,105.7868578,Ccmn,5.7,6.57,Khepkin,0,0,0,0,0,0,0,1,0,0,0,0
2019,8,2000000,18.0,21.035545,105.7848691,Nhacap,4.1,6.57,KKK,1,1,0,0,0,0,0,0,0,0,1,0
2016,3,1000000,14.0,21.035229,105.787135,Nhacap,2.5,126.57,KKK,1,0,0,0,0,0,0,0,0,0,0,0
2016,5,3000000,20.0,21.037557,105.787873,Nhatang,3.5,89.78,KKK,0,0,0,1,0,1,0,0,0,0,0,1
2016,6,2200000,15.0,21.037701,105.789776,Nhatang,7.78,27.32,KKK,1,0,1,0,0,0,0,1,0,0,1,0
2016,7,1500000,15.0,21.0357799,105.7848087,Nhatang,3.6,55.84,Khepkin,0,0,1,0,0,1,0,0,0,0,0,0
2017,6,3000000,20.0,21.0364968,105.7856248,Nhatang,2.5,42.32,Khepkin,1,0,1,0,0,0,0,1,0,0,0,1
2017,6,2200000,25.0,21.034802,105.784039,Nhatang,2.4,47.71,Khepkin,1,0,0,0,0,0,0,0,0,0,1,1
2020,1,3300000,30.0,21.035125,105.78644,Nhatang,2.3,60.85,Khepkin,1,0,1,1,0,0,0,1,0,0,0,1
2020,6,2800000,20.0,21.037648,105.787903,Nhatang,3.5,104.17,Khepkin,1,0,1,1,0,1,0,1,0,0,0,1
2020,12,2600000,25.0,21.0365912,105.7879026,Nhatang,3.5,162.87,Khepkin,1,1,1,1,0,1,0,1,0,0,0,1
2021,3,3500000,25.0,21.029495,105.770256,Ccmn,6.0,131.0,Khepkin,1,0,1,1,0,0,0,1,0,1,1,1
2021,3,2000000,18.0,20.967551,105.869389,Nhatang,6.0,130.63,Khepkin,1,0,1,1,0,0,0,1,0,0,0,0
2021,3,2500000,23.0,21.040712,105.760116,Nhatang,2.2,118.2,Khepkin,0,0,0,0,0,0,0,1,0,0,0,1
2021,3,1000000,15.0,21.001712,105.855482,Nhacap,1.8,10.0,KKK,1,0,0,0,0,0,0,0,0,0,0,0
2021,3,3000000,22.0,20.991952,105.831402,Nhatang,2.5,114.0,Khepkin,1,0,1,1,0,0,0,0,0,0,1,0
2021,3,2500000,25.0,20.990918,105.795299,Nhatang,2.2,7.3,Khepkin,1,0,1,0,0,1,0,0,0,1,1,0
2021,3,2400000,25.0,20.990918,105.795299,Nhatang,2.2,50.3,Khepkin,1,0,1,0,0,0,0,0,0,1,1,0
2021,3,2700000,25.0,20.990918,105.795299,Ccmn,2.2,7.3,Khepkin,1,1,1,1,1,1,0,0,0,1,1,1
2021,3,1800000,22.0,20.983639,105.768172,Ccmn,3.2,120.0,Khepkin,0,0,1,1,0,0,0,0,1,0,0,1
2021,3,6950000,65.0,21.006661,105.808987,Nhatang,3.2,103.65,Khepkin,1,1,1,1,1,1,1,1,0,0,0,0
2021,3,3250000,26.0,20.986788,105.814408,Nhatang,2.5,13.37,Khepkin,1,1,1,1,1,1,0,1,0,0,0,0
2021,3,3000000,20.0,20.984025,105.793752,Nhatang,4.0,51.14,Khepkin,1,1,1,1,1,1,0,1,0,1,0,1
2021,3,2300000,14.0,20.977834,105.798107,Nhatang,3.2,70.68,KKK,1,1,1,1,0,1,0,0,0,0,0,1
2021,3,1000000,10.0,21.032225,105.79474,Nhacap,2.1,145.0,KKK,1,1,0,0,0,0,0,0,0,0,0,1
2021,3,1100000,10.0,21.031567,105.794495,Nhacap,2.2,45.0,KKK,1,0,0,0,1,0,0,0,1,0,0,1
2021,3,3000000,22.0,20.963178,105.764901,Nhatang,2.8,64.15,Khepkin,1,0,1,0,0,1,0,0,0,0,1,1
2021,3,1700000,17.0,21.052679,105.869684,Nhatang,3.8,605.0,KKK,1,1,0,0,0,0,0,0,0,0,1,0
2021,3,1300000,10.0,21.032225,105.79474,Nhacap,2.2,145.0,KKK,1,1,0,1,0,0,0,0,1,0,1,1
2021,3,2800000,25.0,20.98319,105.801199,Ccmn,2.8,46.43,Khepkin,1,1,1,1,1,1,0,1,0,0,0,0
2021,3,2400000,20.0,20.969179,105.78694,Nhatang,5.5,82.04,Khepkin,1,0,1,1,0,1,0,0,0,0,0,1
2021,3,2600000,20.0,20.969164,105.787419,Ccmn,5.5,90.04,Khepkin,1,1,1,1,1,1,0,1,0,0,1,1
2021,3,2000000,20.0,20.969139,105.787986,Nhacap,5.5,124.04,Khepkin,1,1,0,0,0,0,0,0,0,0,1,1
2021,3,3500000,36.0,21.034587,105.799506,Ccmn,5.5,2.0,Khepkin,1,0,1,1,0,1,0,1,0,0,1,1
2021,3,3400000,36.0,21.034587,105.799506,Nhatang,5.5,10.0,Khepkin,1,0,0,0,0,1,0,1,0,0,1,1
2021,3,2400000,36.0,21.034587,105.799506,Nhacap,5.5,2.0,KKK,1,0,1,1,0,1,0,1,0,0,0,1
2021,3,2200000,22.0,21.06324,105.831158,Nhatang,2.2,58.0,Khepkin,1,1,1,1,1,1,0,1,0,0,0,0
2021,3,3400000,27.0,21.02065,105.830772,Nhatang,7.0,2.0,Khepkin,1,0,1,1,0,1,0,0,0,0,1,1
2021,3,3000000,25.0,20.99336,105.831713,Nhatang,7.2,2.0,Khepkin,1,0,1,1,0,1,0,0,0,0,0,1
2021,3,2700000,19.0,20.9831,105.800775,Ccmn,4.9,2.3,Khepkin,1,1,1,1,0,0,0,1,0,0,1,1
2021,3,3000000,30.0,21.023953,105.812389,Nhatang,4.5,71.34,Khepkin,1,0,0,1,1,0,0,1,0,0,1,0
2021,3,3000000,30.0,21.003022,105.825146,Nhatang,2.2,79.0,Khepkin,0,0,1,0,0,0,0,1,1,0,0,1
2021,3,3600000,40.0,20.990203,105.779605,Nhatang,3.2,162.23,Khepkin,1,1,0,0,0,0,0,1,0,1,1,0
2021,3,3800000,40.0,20.990203,105.779605,Ccmn,3.2,50.23,Khepkin,1,1,1,1,1,1,0,1,0,1,1,0
2021,3,3300000,40.0,20.990203,105.779605,Nhacap,3.2,162.23,Khepkin,1,1,0,1,0,0,0,1,0,1,0,1
2021,3,2500000,23.0,21.035747,105.787368,Nhatang,2.5,71.01,Khepkin,1,0,1,1,0,0,0,0,0,0,1,1
2021,3,1800000,18.0,20.966331,105.842828,Nhatang,3.5,60.22,Khepkin,1,0,0,0,0,0,0,0,0,0,0,1
2021,3,2200000,20.0,21.026384,105.825574,Nhatang,2.2,28.43,KKK,0,0,0,0,0,1,0,1,0,0,0,0
2021,3,3000000,35.0,21.0263,105.835805,Nhatang,3.0,50.11,Khepkin,1,0,1,0,0,0,0,0,0,0,1,0
2021,3,2500000,20.0,21.026009,105.801472,Nhatang,3.0,199.52,Khepkin,0,0,0,0,0,1,0,0,0,0,0,1
2021,3,2500000,40.0,20.971607,105.765432,Nhatang,3.0,77.28,KKK,1,1,1,0,0,1,0,1,0,0,1,1
2021,3,1400000,10.0,21.001507,105.811169,Nhacap,4.46,73.77,KKK,1,1,0,0,0,0,0,1,0,0,0,1
2021,3,2000000,25.0,20.961441,105.81387,Nhatang,8.5,2.0,Khepkin,0,0,1,0,0,0,0,0,1,0,1,1
2021,3,1850000,25.0,20.961315,105.813659,Nhatang,8.5,2.0,Khepkin,0,0,0,0,0,0,0,0,1,0,1,1
2021,3,3000000,30.0,20.991913,105.819912,Nhacap,1.8,243.0,Khepkin,0,1,1,1,0,0,0,1,1,0,0,1
2021,3,2200000,38.0,21.023185,105.807989,Nhatang,4.5,2.0,Khepkin,1,1,1,1,1,1,0,1,0,0,1,1
2021,3,3600000,35.0,20.995647,105.848923,Nhatang,2.5,20.83,Khepkin,1,1,0,0,0,0,0,0,0,0,1,1
2021,3,2500000,30.0,21.006565,105.780617,Nhatang,1.8,157.56,Khepkin,1,0,1,1,0,0,0,0,0,0,1,0
2021,3,3600000,30.0,21.011586,105.799574,Ccmn,5.2,61.45,Khepkin,1,0,1,1,0,0,0,0,0,0,0,1
2021,3,3200000,28.0,21.037144,105.803352,Nhatang,2.8,88.7,Khepkin,1,0,1,1,0,0,0,1,0,0,0,0
2021,3,2800000,30.0,20.991019,105.849501,Nhatang,2.3,21.2,Khepkin,1,1,0,0,0,0,0,0,0,0,1,1
2021,3,3000000,30.0,21.042399,105.784777,Nhatang,2.5,79.16,Khepkin,1,0,1,1,0,0,0,1,0,0,0,1
2021,3,2000000,25.0,21.046592,105.769416,Nhatang,4.5,140.12,Khepkin,1,0,1,1,0,0,0,0,1,0,0,0
2021,3,3000000,60.0,21.035203,105.732814,Nhatang,7.5,2.0,Khepkin,0,1,0,0,0,0,0,1,0,0,0,0
2021,2,3500000,30.0,20.967958,105.822546,Ccmn,6.5,2.0,Khepkin,1,1,1,1,0,0,0,1,0,1,1,1
2021,2,2200000,12.0,20.988338,105.843119,Nhatang,2.2,76.0,Khepkin,0,0,1,1,0,0,0,1,0,0,0,1
2021,2,2400000,12.0,20.988788,105.843068,Ccmn,2.0,76.0,Khepkin,1,1,1,1,0,0,0,1,0,0,1,1
2021,2,1500000,12.0,20.987496,105.843597,Nhacap,3.0,120.0,Khepkin,1,0,0,0,0,0,0,1,0,0,0,1
2021,2,2800000,20.0,20.972737,105.834614,Nhatang,2.5,60.21,Khepkin,1,1,1,1,1,1,0,0,0,0,0,1
2020,12,2500000,18.0,21.029702,105.813972,Nhatang,3.3,60.78,Khepkin,0,0,1,1,0,0,0,1,0,0,0,1
2020,12,3000000,30.0,21.032906,105.826623,Nhatang,2.2,74.75,Khepkin,0,0,1,1,0,0,0,0,0,0,0,0
2020,9,3400000,25.0,21.032226,105.828682,Nhatang,8.5,2.0,Khepkin,1,0,0,1,0,1,0,1,0,0,0,0
2019,8,2400000,26.0,21.031088,105.822471,Nhatang,2.5,27.0,Khepkin,0,0,1,1,0,0,0,0,0,0,1,0
2019,8,2000000,18.0,21.030819,105.824355,Nhatang,2.2,76.01,Khepkin,1,0,1,0,0,0,0,1,0,0,1,0
2016,6,2000000,15.0,21.028764,105.808824,Nhatang,2.5,70.23,Khepkin,0,0,1,0,0,0,0,1,0,0,0,1
2016,6,2200000,15.0,21.028764,105.808824,Ccmn,2.5,70.23,Khepkin,1,1,1,1,1,0,0,1,0,0,0,1
2016,6,1700000,15.0,21.028764,105.808824,Nhacap,2.5,70.23,Khepkin,1,1,0,0,0,0,0,0,0,0,1,1
2017,5,2400000,20.0,21.032424,105.820315,Nhatang,3.2,115.08,Khepkin,0,0,1,1,0,0,0,0,0,0,0,1
2018,8,3000000,30.0,21.030793,105.824109,Nhatang,2.3,90.5,Khepkin,0,0,0,1,0,0,0,0,0,0,1,1
2019,11,3800000,28.0,21.031745,105.823838,Ccmn,9.0,2.0,Khepkin,1,0,1,1,1,1,0,1,0,1,1,1
2018,6,3500000,35.0,21.033602,105.818236,Ccmn,3.5,47.42,Khepkin,0,0,1,1,0,0,0,1,0,1,0,0
2017,6,1000000,12.0,21.028451,105.808233,Nhatang,4.5,75.2,KKK,0,0,0,0,0,0,0,0,0,0,0,1
2016,10,3500000,25.0,21.03125,105.825735,Nhatang,3.5,47.25,Khepkin,1,0,1,1,0,0,0,0,0,1,0,0
2020,5,3200000,39.0,21.036482,105.810818,Nhatang,2.8,30.4,Khepkin,1,0,1,1,0,0,0,0,0,0,0,0
2020,8,2500000,25.0,21.030796,105.822506,Nhatang,2.2,30.43,Khepkin,0,0,0,1,0,0,0,0,0,0,1,0
2019,5,1700000,10.0,21.03264,105.825346,Nhacap,2.5,80.31,KKK,1,1,0,0,1,1,0,0,0,1,0,1
2016,7,2200000,18.0,21.032663,105.825294,Nhatang,2.3,60.24,Khepkin,0,0,1,0,0,0,0,1,0,0,0,1
2016,5,1700000,12.0,21.030999,105.822555,Nhatang,3.56,10.43,Khepkin,0,0,1,0,0,0,0,0,0,0,1,0
2019,8,1700000,16.0,21.032003,105.825041,Nhatang,3.12,9.72,Khepkin,0,0,1,0,0,0,0,0,0,0,1,0
2019,7,1800000,30.0,21.032882,105.825584,Nhatang,2.2,111.1,KKK,1,1,1,1,0,0,0,1,0,0,1,1
2020,7,5000000,40.0,21.0358611,105.8135088,Nhatang,5.89,98.62,Khepkin,0,0,1,0,0,0,0,0,0,0,0,0
2019,11,2800000,22.0,21.031102,105.824168,Nhatang,4.21,20.02,Khepkin,0,0,1,1,0,1,0,0,0,0,0,1
2020,8,3000000,18.0,21.0316971,105.8224021,Nhatang,3.56,28.74,Khepkin,1,0,1,1,0,1,0,0,0,0,0,0
2020,8,2300000,16.0,21.0298468,105.8111885,Nhatang,5.59,69.5,Khepkin,1,0,1,1,1,1,0,0,0,0,0,1
2016,11,2700000,25.0,21.032259,105.820704,Nhatang,4.59,169.21,Khepkin,0,0,0,0,0,0,0,0,0,0,1,1
2020,6,2500000,20.0,21.032407,105.824783,Nhatang,2.88,66.93,KKK,0,0,1,1,0,0,0,1,1,0,1,1
2016,6,1700000,12.0,21.028328,105.808591,Nhatang,3.94,103.03,Khepkin,1,1,1,0,0,0,0,0,0,0,1,1
2020,5,3500000,30.0,21.032068,105.82077,Nhatang,5.18,69.12,Khepkin,1,0,1,1,1,1,0,0,0,0,0,1
2020,5,4000000,40.0,21.0310452,105.81984,Nhatang,2.5,130.87,Khepkin,1,0,0,0,0,0,0,1,0,0,1,0
2016,7,3500000,40.0,21.032912,105.827527,Nhatang,3.34,69.35,Khepkin,0,0,0,0,0,0,0,0,0,0,0,0
2020,12,3200000,30.0,21.040384,105.7643307,Ccmn,11.05,9.47,Khepkin,1,1,1,1,0,1,0,1,0,0,0,1
2020,12,3000000,30.0,21.050876,105.7383463,Nhatang,11.05,5.47,Khepkin,1,1,1,1,0,1,0,1,0,0,0,1
2019,8,1000000,18.0,21.044099,105.766261,Nhacap,4.95,480.28,Khepkin,0,0,0,0,0,0,0,1,0,0,0,0
2018,9,500000,15.0,21.044986,105.760785,Nhacap,3.7,301.04,KKK,0,0,0,0,0,0,0,0,0,0,0,0
2016,5,3000000,40.0,21.039433,105.764013,Nhacap,2.45,50.28,Khepkin,0,0,0,0,0,0,0,1,1,0,0,0
2019,8,1100000,12.0,21.046967,105.749566,Nhacap,3.57,60.94,KKK,1,0,0,0,0,0,0,1,0,0,0,1
2019,12,5000000,50.0,21.037958139,105.7773351,Nhatang,2.3,101.35,Khepkin,0,0,1,1,0,0,0,0,0,0,0,0
2018,2,2300000,20.0,21.038454,105.777448,Nhatang,3.4,168.74,Khepkin,1,0,1,1,0,1,0,0,0,0,0,1
2018,3,2500000,35.0,21.041656,105.764268,Nhatang,2.81,79.35,KKK,0,0,0,0,0,0,0,1,0,0,0,1
2018,6,3000000,30.0,21.035657,105.777439,Nhatang,3.05,88.5,KKK,1,0,1,1,0,0,0,1,0,1,0,1
2019,2,2500000,20.0,21.03609,105.776828,Nhatang,2.52,60.85,KKK,0,0,0,0,0,0,0,0,0,0,0,0
2017,11,1700000,14.0,21.041371,105.764143,Nhatang,2.2,38.12,Khepkin,1,1,1,1,0,0,0,0,0,0,1,1
2017,11,1000000,14.0,21.041371,105.764143,Nhacap,2.2,108.12,KKK,0,0,0,0,0,0,0,0,0,0,0,1
2017,10,1600000,15.0,21.040459,105.766526,Nhatang,6.81,38.12,KKK,1,0,1,1,0,0,0,0,0,1,0,1
2017,11,1600000,14.0,21.041371,105.764143,Nhatang,2.81,108.12,Khepkin,1,0,0,1,0,0,0,0,0,0,0,1
2019,3,1600000,15.0,21.042036,105.762742,Ccmn,3.51,59.55,Khepkin,0,0,0,0,0,0,0,0,0,0,0,0
2016,4,1300000,17.0,21.041941,105.764966,Nhacap,1.7,60.12,Khepkin,0,0,0,0,0,0,0,1,0,0,0,0
2019,3,1600000,16.0,21.037908,105.777146,Nhatang,2.3,84.35,Khepkin,1,0,0,0,0,0,0,0,0,0,1,0
2021,1,4500000,19.0,21.037004,105.778713,Nhatang,11.0,15.35,Khepkin,1,0,0,0,1,0,0,1,0,0,1,1
2020,2,4300000,40.0,21.0366399,105.778915,Ccmn,11.0,38.12,Khepkin,0,0,1,1,0,0,0,0,0,0,1,1
2019,1,3700000,30.0,21.040275,105.761941,Ccmn,3.8,38.12,Khepkin,1,1,1,1,0,0,0,1,0,0,0,1
2020,11,3200000,30.0,21.038197,105.779914,Ccmn,2.5,40.37,Khepkin,0,1,1,1,0,0,0,1,1,0,1,1
2019,8,3900000,30.0,21.045856,105.780349,Ccmn,3.8,50.68,Khepkin,1,0,0,1,0,1,0,1,0,0,1,1
2019,8,800000,12.0,21.046931,105.779563,Nhacap,2.55,150.46,KKK,1,0,0,0,0,0,0,0,0,0,0,0
2016,5,3900000,30.0,21.045856,105.780349,Ccmn,3.55,50.68,Khepkin,1,0,0,1,0,1,0,1,0,0,1,1
2016,7,2200000,25.0,21.070134,105.786111,Ccmn,1.7,52.68,Khepkin,1,1,1,1,0,0,1,0,0,1,0,1
2016,6,1500000,15.0,21.045637,105.779936,Nhacap,2.95,108.68,Khepkin,1,0,0,0,0,0,0,0,0,0,0,1
2016,9,4000000,55.0,21.054795,105.782928,Nhacap,2.8,68.85,Khepkin,1,0,0,0,0,0,0,0,0,0,0,1
2020,8,1600000,15.0,21.043631,105.78012,Nhacap,2.89,79.85,Khepkin,0,0,0,0,0,0,0,0,0,0,0,0
2017,9,2490000,32.0,21.059632,105.784122,Nhatang,3.5,67.4,Khepkin,1,1,1,1,0,1,0,0,0,0,0,1
2018,3,3500000,32.0,21.052706,105.78058,Nhatang,7.5,58.93,Khepkin,1,1,1,1,1,1,1,1,0,0,1,1
2019,3,3000000,25.0,21.056747,105.78085,Nhatang,3.65,100.63,Khepkin,1,0,1,1,0,1,0,1,0,0,0,1
2020,5,3000000,30.0,21.044136,105.781984,Nhatang,2.75,48.07,KKK,0,0,0,0,0,0,0,1,0,0,0,0
2020,4,4500000,35.0,21.05217,105.780523,Nhatang,7.5,58.93,Khepkin,1,0,0,1,0,0,1,0,0,0,1,0
2020,7,2500000,12.0,21.067949,105.78248,Nhatang,8.5,58.93,Khepkin,1,0,0,1,0,1,0,1,0,0,0,0
2020,5,2800000,25.0,21.042477,105.779469,Nhatang,3.65,135.07,Khepkin,1,0,1,1,0,1,0,0,0,0,0,0
2020,3,3200000,25.0,21.042395,105.779909,Ccmn,4.5,75.07,Khepkin,0,1,1,1,0,0,0,1,0,0,1,1
2021,2,2100000,23.0,21.005525,105.864048,Nhatang,2.75,253.25,Khepkin,0,0,1,0,0,0,0,1,0,0,0,1
2019,1,2000000,20.0,20.997516,105.862902,Nhatang,2.75,79.15,KKK,1,0,0,0,0,0,0,0,0,0,0,1
2020,1,1800000,15.0,20.998897,105.862783,Nhatang,2.5,52.15,KKK,1,0,0,0,0,0,0,0,0,0,0,1
2019,11,2300000,24.0,21.006453,105.864188,Nhatang,2.75,253.25,Khepkin,0,0,1,0,0,0,0,1,0,0,0,1
2016,6,1850000,22.0,21.007767,105.862346,Nhatang,2.25,122.25,Khepkin,0,1,0,1,0,0,0,1,0,0,0,0
2019,3,3000000,15.0,21.003733,105.860391,Nhatang,2.2,76.6,Khepkin,1,0,1,0,1,1,0,1,0,0,0,1
2020,11,3400000,20.0,21.007766,105.862196,Nhatang,2.5,124.6,Khepkin,1,1,1,1,0,0,0,1,0,0,1,1
2020,11,3000000,20.0,21.007173,105.862323,Nhatang,2.2,111.7,Khepkin,1,0,0,0,0,0,0,1,0,0,0,1
2016,5,1100000,11.0,20.999019,105.863433,Nhatang,3.65,211.42,Khepkin,1,0,0,0,0,0,0,0,0,0,0,0
2019,8,1000000,10.0,20.99757966,105.8628995,Nhatang,2.65,211.42,Khepkin,0,0,0,0,0,0,0,0,0,0,0,0
2019,8,1800000,15.0,20.998157,105.864436,Nhatang,3.0,72.65,KKK,0,0,0,0,0,0,0,0,0,0,0,0
2021,1,2000000,20.0,20.996799,105.858699,Nhacap,4.0,155.2,Khepkin,1,0,1,0,0,0,1,0,0,0,0,1
2020,12,2000000,20.0,20.993841,105.856135,Nhacap,2.8,140.5,Khepkin,0,0,0,0,0,0,0,0,0,0,0,1
2020,12,2000000,15.0,20.994796,105.86033,Nhatang,2.8,99.05,Khepkin,0,0,0,0,0,0,0,1,0,0,0,0
2020,11,3000000,30.0,20.997142,105.857026,Nhacap,4.32,219.13,KKK,0,0,0,0,0,0,0,0,1,0,0,0
2020,8,2300000,30.0,20.992238,105.859383,Nhacap,1.8,320.23,Khepkin,0,0,0,0,0,0,0,1,0,0,0,0
2020,8,1500000,17.0,20.993772,105.855681,Nhatang,3.05,147.98,Khepkin,1,0,1,1,0,0,0,0,0,0,0,1
2020,8,3000000,25.0,20.996332,105.871297,Nhatang,5.57,25.68,Khepkin,0,0,0,0,0,0,0,0,0,0,0,0
2020,6,1500000,18.0,20.997184,105.851677,Nhatang,2.9,145.02,KKK,0,0,0,0,0,0,0,1,0,0,0,0
2020,2,2200000,20.0,21.0035002,105.8695619,Ccmn,3.14,76.44,Khepkin,0,0,0,0,0,0,0,1,0,0,1,0
2020,3,2000000,12.0,20.997436,105.857739,Nhatang,2.0,234.24,Khepkin,1,0,1,1,0,0,0,0,0,0,0,1
2020,5,2500000,17.0,20.997106,105.857485,Nhatang,2.0,186.2,Khepkin,1,1,1,0,1,0,0,0,0,0,0,0
2019,10,2500000,30.0,20.993762,105.858974,Nhatang,2.5,162.41,Khepkin,1,0,1,1,0,0,0,1,0,0,0,1
2019,8,4000000,37.0,20.995685,105.858797,Nhatang,3.91,38.6,Khepkin,1,0,1,1,0,0,0,0,0,0,0,0
2019,9,3000000,24.0,20.997922,105.865312,Nhatang,3.86,26.07,Khepkin,0,0,1,1,0,0,0,0,0,0,0,0
2019,6,2000000,20.0,20.993506,105.854247,Nhatang,1.7,209.81,Khepkin,0,0,1,1,0,0,0,0,0,0,0,1
2019,3,2700000,27.0,20.992528,105.853467,Nhatang,1.9,311.43,Khepkin,0,0,1,1,0,1,0,1,0,0,0,1
2018,10,2500000,17.0,20.996571,105.858905,Nhatang,3.65,100.86,Khepkin,1,0,1,1,0,0,0,0,0,0,0,0
2016,11,1500000,12.0,20.996329,105.865515,Nhatang,1.7,92.33,KKK,1,0,0,0,0,0,0,1,0,0,0,1
2016,3,2500000,30.0,21.003886,105.868427,Nhatang,2.2,41.69,Khepkin,1,0,0,0,0,0,0,0,0,0,0,1
2019,8,2500000,25.0,21.003719,105.870074,Nhatang,2.69,46.32,Khepkin,1,0,1,0,0,0,0,0,0,0,1,0
2019,8,1800000,15.0,20.998187,105.864792,Nhatang,3.21,84.79,KKK,0,0,0,0,0,0,0,0,0,0,0,0
2019,8,1200000,13.0,21.010882,105.79844,Nhatang,3.35,86.24,KKK,0,0,0,0,0,0,0,0,0,0,0,0
2016,3,2600000,18.0,21.01136,105.799939,Nhatang,3.35,15.24,KKK,0,0,1,0,0,0,0,0,0,1,0,0
2016,3,2500000,18.0,21.011706,105.799887,Nhatang,2.93,46.24,Khepkin,0,0,1,0,0,0,0,0,1,1,0,0
2017,12,2600000,20.0,21.010487,105.798571,Nhatang,3.35,10.03,Khepkin,0,0,0,0,0,0,0,0,0,0,0,0
2020,3,4000000,35.0,21.009113,105.796943,Nhatang,2.62,40.15,Khepkin,1,0,1,1,0,0,0,0,0,0,0,1
2020,7,3600000,27.0,21.0110647,105.7997428,Ccmn,2.62,153.09,Khepkin,1,1,1,1,0,0,0,1,0,0,1,1
2020,10,5000000,35.0,21.008833,105.79697,Ccmn,7.0,4.15,Khepkin,1,0,1,1,0,1,0,1,0,0,1,1
2020,11,3500000,25.0,21.012571,105.799196,Ccmn,2.8,153.09,Khepkin,1,1,1,1,0,0,0,1,0,0,0,0
2019,8,1500000,14.0,21.0123,105.799477,Nhatang,3.4,231.05,Khepkin,1,1,0,0,0,0,0,0,0,0,1,0
2019,10,4800000,20.0,21.014839,105.803841,Nhatang,7.0,2.0,Khepkin,1,0,1,1,1,1,1,1,0,0,0,1
2018,7,1800000,25.0,21.052872,105.7393,Nhatang,2.56,200.58,Khepkin,0,0,1,0,0,0,0,1,0,0,1,1
2018,10,2200000,30.0,21.00401,105.86669,Nhatang,2.5,147.58,KKK,0,0,0,1,0,0,0,0,0,0,1,0
2018,10,2500000,30.0,21.004401,105.866382,Nhatang,2.2,150.6,Khepkin,1,1,0,1,0,0,0,0,0,0,1,1
2020,3,2200000,18.0,20.994421,105.856715,Nhatang,2.8,68.58,Khepkin,1,1,1,1,0,0,0,1,0,0,0,0
2018,5,4200000,35.0,21.041735,105.776597,Ccmn,4.5,2.0,Khepkin,1,1,1,1,0,0,0,1,0,1,1,1
2018,5,4100000,35.0,21.041808,105.776174,Ccmn,4.5,2.0,Khepkin,1,1,0,1,0,0,0,1,0,0,0,1
2018,5,2800000,22.0,21.042838,105.775386,Ccmn,3.5,84.34,Khepkin,1,0,1,1,0,0,0,0,0,0,0,1
2018,5,3900000,35.0,21.040816,105.77729,Nhatang,3.4,61.34,Khepkin,1,1,1,1,0,1,0,1,0,1,1,1
2019,8,4500000,48.0,21.040308,105.778975,Nhatang,2.8,78.0,Khepkin,0,0,0,0,0,0,0,1,0,0,0,0
2019,8,3800000,40.0,21.040442,105.779245,Nhatang,2.5,60.21,Khepkin,1,0,0,0,1,1,0,0,0,0,1,1
2019,8,2500000,20.0,21.040282,105.777784,Nhatang,2.8,90.72,Khepkin,1,1,1,1,0,0,1,1,0,1,0,1
2019,8,2300000,18.0,21.039917,105.777713,Nhatang,2.8,122.72,Khepkin,1,1,0,1,0,0,0,1,0,1,0,1
2019,8,1500000,20.0,21.04065,105.778648,Nhacap,2.2,240.63,Khepkin,0,0,0,0,0,0,0,0,0,0,0,1
2017,4,1800000,17.0,21.041461,105.77451,Nhatang,2.5,80.83,Khepkin,1,1,1,0,0,0,0,0,0,0,0,1
2017,4,1700000,17.0,21.041818,105.774684,Nhatang,2.5,40.72,Khepkin,1,0,0,0,0,0,0,0,0,0,0,1
2017,4,3000000,35.0,21.042856,105.776314,Nhatang,2.8,117.84,Khepkin,1,1,0,0,0,0,0,0,0,0,0,1
2017,4,3100000,35.0,21.042386,105.776105,Nhatang,2.8,40.0,Khepkin,1,1,0,1,0,0,0,0,0,0,1,1
2017,6,2400000,20.0,21.040193,105.77746,Nhatang,1.9,120.15,Khepkin,1,0,1,1,0,0,0,0,0,0,1,0
2017,11,3700000,36.0,21.040744,105.775246,Nhatang,2.5,130.25,Khepkin,1,0,0,0,0,0,0,0,0,0,1,1
2018,3,1800000,14.0,21.040756,105.777246,Nhatang,2.86,79.46,Khepkin,0,0,0,0,0,0,0,0,0,0,1,0
2019,3,3000000,25.0,21.03931,105.778069,Nhatang,3.39,205.84,Khepkin,1,0,0,0,0,0,0,0,0,0,0,0
2017,4,4700000,37.0,21.040869,105.77935,Nhatang,3.46,3.72,Khepkin,0,0,1,0,0,0,0,0,0,0,0,0
2020,5,2600000,25.0,21.04035846,105.7796686,Nhatang,3.46,82.49,Khepkin,1,1,0,1,0,0,0,0,0,0,0,0
2020,8,3500000,30.0,21.040869,105.77935,Nhatang,3.46,68.25,Khepkin,1,0,1,1,0,0,0,0,1,0,1,0
2019,3,2900000,25.0,21.03931,105.778069,Nhatang,3.39,100.84,Khepkin,1,0,1,1,0,0,0,0,0,0,1,1
2021,2,3000000,25.0,21.0336114,105.7876257,Nhatang,6.8,5.0,Khepkin,0,0,1,1,0,0,0,0,0,0,0,1
2016,9,1800000,20.0,21.030884,105.7862746,Nhatang,2.6,200.0,KKK,1,0,0,0,0,0,0,0,0,0,0,1
2021,3,3000000,35.0,21.0741939,105.8241243,Ccmn,2.5,250.0,Khepkin,1,0,1,1,0,0,0,1,1,0,0,0
2021,3,3800000,25.0,21.060536,105.8331321,Nhatang,3.5,82.0,Khepkin,1,0,1,1,1,1,1,1,0,0,0,1
2020,8,1900000,20.0,21.062868,105.834172,Nhacap,3.5,194.0,Khepkin,0,0,0,0,0,0,0,0,1,0,0,1
2020,8,1900000,20.0,21.062496,105.834505,Nhacap,3.5,197.0,Khepkin,0,0,1,0,0,0,0,0,1,1,0,1
2021,3,3900000,25.0,21.060536,105.8331321,Nhatang,3.9,20.0,Khepkin,1,0,1,1,1,1,1,1,0,0,0,1
2020,8,1900000,20.0,21.065883,105.833872,Nhacap,3.8,300.0,Khepkin,0,0,0,0,0,0,0,0,1,0,0,0
2020,5,2500000,30.0,21.0749274,105.8208455,Nhacap,3.8,150.0,Khepkin,1,0,0,0,0,0,0,0,0,0,0,1
2020,11,3000000,45.0,21.064261,105.837007,Nhatang,4.0,170.0,Khepkin,1,0,0,0,0,0,0,0,0,0,0,0
2020,12,2000000,22.0,21.067198,105.831451,Nhacap,3.0,52.0,Khepkin,0,0,0,0,0,0,0,1,1,0,0,1
2020,9,2600000,25.0,21.061959,105.834988,Nhatang,3.5,170.0,Khepkin,0,0,1,1,0,0,0,0,0,0,1,0
2020,12,2500000,20.0,21.08093,105.819692,Nhatang,2.5,123.0,Khepkin,1,0,1,1,0,1,0,0,0,0,0,1
2020,7,1200000,12.0,21.0785588,105.8209716,Nhatang,2.5,200.0,Khepkin,0,0,1,0,0,0,0,0,0,0,0,1
2020,12,2500000,25.0,21.082525,105.819388,Nhatang,2.5,123.0,Khepkin,1,0,1,1,1,0,0,1,0,0,0,0
2020,9,1400000,25.0,21.0651362,105.8352263,Nhacap,2.6,260.0,Khepkin,0,0,1,1,0,0,0,0,0,0,1,0
2020,1,3000000,25.0,21.067118,105.829084,Ccmn,4.0,100.0,Khepkin,1,1,1,1,0,1,0,1,0,0,0,1
2020,4,4000000,30.0,21.065758,105.828728,Nhatang,9.5,1.0,Khepkin,1,1,0,1,1,1,0,1,0,0,0,0
2020,7,2000000,22.0,21.06729,105.832773,Nhacap,3.2,490.0,Khepkin,0,0,0,0,0,0,0,1,1,0,0,1
2020,6,2200000,18.0,21.061141,105.832926,Nhatang,2.6,400.0,Khepkin,0,0,0,0,0,1,0,0,0,0,0,0
2020,1,2300000,20.0,21.074343,105.822891,Nhatang,2.5,53.0,Khepkin,1,0,0,1,1,0,0,0,0,0,1,1
2020,1,3500000,23.0,21.065303,105.833516,Nhatang,4.4,143.0,Khepkin,1,1,1,1,1,1,0,1,0,0,0,1
2020,5,2200000,18.0,21.067821,105.828597,Nhatang,2.3,132.0,Khepkin,1,1,0,1,0,0,0,0,0,0,0,0
2020,6,1600000,20.0,21.0630099,105.832185,Nhatang,3.2,60.0,KKK,0,0,0,0,0,0,0,0,0,0,0,1
2020,6,2200000,20.0,21.065662,105.835308,Nhatang,3.2,30.0,Khepkin,1,0,0,1,0,0,0,0,0,0,0,0
2020,6,3000000,20.0,21.0640309,105.831724,Nhatang,3.8,300.0,Khepkin,1,1,1,1,1,1,0,1,0,0,0,1
2020,12,4550000,27.0,21.034753,105.796946,Ccmn,3.5,40.12,Khepkin,1,1,1,1,1,1,0,0,0,0,1,1
2020,8,3500000,15.0,21.0600377,105.8338756,Nhatang,8.6,5.0,Khepkin,1,1,0,0,1,1,0,1,0,0,0,1
2020,7,1700000,22.0,21.064001,105.832958,Nhatang,3.0,116.0,KKK,0,0,0,0,0,0,0,0,0,0,0,1
2020,6,3100000,20.0,21.0640309,105.831724,Nhatang,3.8,50.0,Khepkin,1,1,1,1,1,1,0,1,0,0,0,1
2020,8,2000000,15.0,21.0630099,105.832185,Nhacap,8.6,5.0,Khepkin,1,0,1,1,1,1,0,1,0,0,0,0
2021,3,2200000,22.0,21.0635065,105.8318299,Nhatang,3.6,50.0,Khepkin,1,1,1,1,1,1,0,1,0,0,0,0
2020,9,2500000,27.0,21.081701,105.820921,Nhacap,3.2,370.0,Khepkin,1,1,0,0,0,0,0,0,1,0,0,0
2020,9,3200000,17.0,21.0600156,105.8339205,Nhatang,8.6,5.0,Khepkin,1,1,0,0,1,1,0,1,0,0,0,1
2020,9,3300000,30.0,21.0741939,105.8241243,Ccmn,8.6,10.0,Khepkin,1,0,0,1,0,0,0,1,0,0,1,0
2020,10,4500000,25.0,21.0640309,105.831724,Nhatang,3.2,120.0,Khepkin,1,0,1,1,1,1,1,1,0,0,0,1
2020,7,3500000,25.0,21.0630099,105.832185,Nhatang,3.8,50.0,Khepkin,1,1,1,1,1,1,1,1,0,0,0,1
2020,6,1500000,20.0,21.0640309,105.831724,Nhacap,2.56,50.0,Khepkin,1,1,1,1,1,1,0,1,0,0,1,1
2021,1,2900000,18.0,21.0630099,105.832185,Nhatang,3.6,260.0,Khepkin,1,0,1,1,1,1,0,1,0,0,0,1
2020,12,4300000,27.0,21.034951,105.796201,Ccmn,3.5,53.12,Khepkin,1,1,0,1,0,0,0,0,0,0,1,0
2021,3,1300000,10.0,21.011602,105.81943,Nhatang,3.4,150.0,KKK,1,0,0,0,0,0,0,1,0,0,0,1
2019,8,2800000,30.0,21.014015,105.817975,Nhatang,3.2,20.0,Khepkin,1,0,1,0,1,1,0,0,0,0,1,0
2019,8,4000000,25.0,21.014084,105.820499,Nhatang,4.0,110.0,Khepkin,1,1,1,1,0,0,0,0,0,1,1,1
2020,12,3300000,30.0,21.01443,105.82088,Nhatang,3.2,170.0,Khepkin,1,0,0,1,1,1,0,0,0,0,0,0
2020,8,4300000,25.0,21.013879,105.820263,Nhatang,4.0,62.0,Khepkin,1,0,1,1,1,0,0,1,0,1,1,0
2020,7,2300000,25.0,21.014901,105.815806,Nhatang,2.0,92.0,Khepkin,1,0,1,1,0,0,1,0,0,0,0,0
2020,4,2000000,15.0,21.01008,105.821679,Nhatang,2.2,87.0,Khepkin,1,0,0,1,0,0,0,0,0,0,0,1
2020,4,1200000,15.0,21.01008,105.821679,Nhacap,2.2,110.0,KKK,1,0,0,0,0,0,0,0,0,0,0,0
2020,7,3000000,24.0,21.009541,105.821636,Nhatang,2.8,140.0,Khepkin,0,0,1,1,0,1,0,0,0,0,1,1
2020,3,2500000,17.0,21.012858,105.818807,Ccmn,4.2,21.0,Khepkin,1,0,1,1,0,0,1,0,0,0,1,0
2019,8,4400000,25.0,21.014178,105.819954,Nhatang,3.8,85.0,Khepkin,1,1,0,1,0,0,0,0,0,1,1,0
2018,3,2800000,30.0,21.012032,105.822413,Nhacap,2.5,68.0,Khepkin,1,0,1,1,1,1,0,0,0,0,0,1
2019,3,3300000,28.0,21.00978,105.821647,Nhatang,2.1,142.0,Khepkin,1,0,1,1,0,1,0,0,0,0,1,1
2019,3,3200000,28.0,21.009587,105.821462,Nhatang,2.1,200.0,Khepkin,1,1,0,1,0,0,0,0,0,0,0,1
2019,3,2800000,22.0,21.009614,105.82153,Nhatang,2.8,62.57,Khepkin,0,0,1,1,0,0,0,1,0,0,0,1
2019,3,2500000,28.0,21.010074,105.821905,Nhacap,2.1,142.0,Khepkin,0,0,0,0,0,0,0,0,0,0,0,1
2017,11,2500000,20.0,21.012222,105.822622,Nhatang,3.0,80.0,Khepkin,1,1,1,1,1,1,0,0,0,0,0,0
2018,1,2400000,25.0,21.012241,105.822516,Nhatang,3.0,80.0,Khepkin,1,0,1,1,1,1,0,0,0,0,0,1
2020,6,2500000,16.0,21.01088,105.82234,Nhatang,11.0,2.0,Khepkin,0,0,1,0,0,0,0,0,0,0,0,1
2019,8,2200000,22.0,21.015871,105.818018,Nhatang,3.2,105.0,Khepkin,0,1,0,1,0,0,0,0,1,0,0,0
2019,8,2500000,23.0,21.015871,105.818018,Ccmn,3.2,20.0,Khepkin,1,1,0,1,0,0,0,0,1,0,1,1
2019,8,1900000,22.0,21.015871,105.818018,Nhacap,3.2,105.0,Khepkin,0,0,0,0,0,0,0,0,1,0,0,0
2021,3,1600000,10.0,21.012207,105.820024,Nhatang,3.8,40.43,KKK,1,0,0,1,0,0,0,1,0,0,0,0
2016,7,2800000,25.0,21.015086,105.816034,Ccmn,2.0,57.0,KKK,1,0,1,1,0,0,1,0,0,0,0,0
2019,8,3200000,30.0,21.013878,105.817875,Ccmn,3.2,53.0,Khepkin,1,0,1,0,1,1,0,0,0,0,1,0
2021,3,1400000,10.0,21.011581,105.819637,Nhatang,3.4,100.43,KKK,0,0,0,0,0,0,0,1,0,0,0,0
2019,8,3800000,25.0,21.013302,105.82153,Nhatang,2.8,120.0,Khepkin,1,0,0,1,0,0,0,0,0,1,1,0
2020,3,2100000,16.0,21.012187,105.818603,Ccmn,4.0,110.0,Khepkin,0,0,1,1,0,1,0,0,0,0,0,1
2017,7,2800000,24.0,21.009273,105.821482,Nhatang,2.8,169.0,Khepkin,0,0,1,1,0,1,0,0,0,0,1,1
2019,8,4000000,25.0,21.014737,105.820496,Nhatang,3.3,210.92,Khepkin,1,0,1,1,1,0,0,0,0,1,1,1
2020,12,2400000,25.0,21.014493,105.820712,Nhatang,3.2,110.21,Khepkin,1,0,0,1,1,1,0,0,0,0,0,0
2016,7,2200000,25.0,21.014901,105.815806,Nhatang,2.0,92.0,Khepkin,1,0,1,1,0,0,1,0,0,0,0,0
2017,7,3300000,24.0,21.009664,105.821763,Ccmn,2.8,140.0,Khepkin,0,0,1,1,0,1,0,0,0,0,1,1
2020,3,2200000,16.0,21.012679,105.819037,Ccmn,4.0,54.0,Khepkin,0,0,1,1,0,0,0,0,0,0,0,0
2020,12,3600000,30.0,21.014333,105.820986,Ccmn,3.2,110.0,Khepkin,1,0,0,1,1,1,0,0,0,0,0,0
2016,4,1900000,15.0,21.009731,105.821277,Ccmn,2.2,147.0,Khepkin,0,0,0,0,0,0,0,0,0,0,0,0
2019,8,2500000,30.0,21.013502,105.817664,Nhatang,3.1,120.34,KKK,1,0,1,0,1,1,0,0,0,0,1,0
2019,8,2400000,30.0,21.013502,105.817664,Nhacap,3.1,120.34,Khepkin,1,0,1,0,1,1,0,0,0,0,1,0
2020,9,2500000,25.0,21.03178,105.800502,Nhatang,2.93,69.38,Khepkin,0,0,0,0,0,0,0,1,1,0,0,0
2019,8,3000000,30.0,21.034994,105.790245,Ccmn,2.93,129.54,Khepkin,1,0,1,1,0,1,0,1,1,1,1,0
2016,3,2000000,20.0,21.035652,105.796113,Nhatang,3.54,120.18,Khepkin,0,0,0,0,0,0,0,0,0,0,0,0
2016,5,2600000,22.0,21.030634,105.800383,Nhatang,2.94,11.92,Khepkin,1,0,1,1,0,0,0,1,1,1,0,1
2016,6,2000000,18.0,21.027924,105.795719,Nhatang,4.01,270.83,Khepkin,0,0,0,0,0,0,0,1,0,1,0,0
2016,7,1900000,20.0,21.029909,105.799331,Nhatang,2.94,150.8,KKK,0,0,0,0,0,0,0,0,0,0,0,1
2016,5,3800000,40.0,21.034295985,105.79182,Nhatang,2.93,150.8,Khepkin,1,0,1,1,0,0,0,0,0,1,0,1
2016,11,1500000,18.0,21.036075,105.79661,Nhatang,2.54,92.23,KKK,0,0,0,0,0,0,0,0,0,0,1,0
2017,4,6000000,50.0,21.033107,105.79568,Ccmn,3.55,124.93,Khepkin,1,1,1,1,0,1,0,1,0,1,1,1
2017,5,2000000,20.0,21.033005,105.796511,Nhatang,2.89,117.18,Khepkin,0,0,1,0,0,0,0,1,0,0,0,0
2017,6,1700000,14.0,21.0343,105.80216,Nhatang,2.1,176.25,Khepkin,1,0,0,0,0,0,0,0,0,0,1,1
2017,11,2500000,18.0,21.034768,105.793997,Nhatang,7.68,6.18,Khepkin,1,0,0,1,0,0,0,0,0,0,1,0
2017,8,2000000,18.0,21.035105,105.802701,Ccmn,3.09,105.38,Khepkin,1,0,1,1,0,0,0,1,0,0,0,1
2018,4,6000000,50.0,21.03058,105.799426,Nhatang,4.59,125.18,Khepkin,1,1,1,1,0,1,0,1,0,1,1,1
2018,6,2500000,20.0,21.034664,105.792548,Ccmn,3.79,87.43,Khepkin,1,1,1,1,0,0,0,0,0,0,0,0
2018,12,2500000,25.0,21.03081632,105.79883,Nhatang,3.29,132.82,Khepkin,0,0,1,0,0,0,0,0,0,0,0,0
2019,1,3800000,30.0,21.032697,105.797574,Ccmn,3.52,67.4,Khepkin,1,0,1,1,0,0,0,1,1,1,1,1
2019,8,3000000,25.0,21.031727,105.800919,Ccmn,3.62,83.16,Khepkin,1,1,1,0,0,0,0,1,0,0,0,0
2019,10,1600000,15.0,21.033762,105.801234,Nhatang,2.82,236.24,Khepkin,1,0,0,0,1,1,0,1,0,0,0,1
2019,12,5000000,45.0,21.033513,105.796676,Nhatang,3.52,36.68,Khepkin,1,0,1,1,0,1,0,1,0,1,1,0
2019,12,4900000,22.0,21.0357929,105.7924394,Ccmn,7.52,10.68,Khepkin,0,0,0,0,0,0,0,0,0,1,0,0
2020,1,2300000,20.0,21.034558,105.797919,Nhatang,11.66,11.68,Khepkin,0,0,1,0,0,0,0,0,0,0,0,1
2020,3,5500000,40.0,21.03446,105.796354,Nhatang,11.66,2.0,Khepkin,1,0,1,1,0,0,0,1,0,1,1,1
2020,5,2000000,25.0,21.033026,105.800805,Nhatang,2.8,80.38,Khepkin,0,0,0,0,0,0,0,1,1,0,0,0
2020,5,1500000,18.0,21.031636,105.795276,Nhacap,2.43,308.38,Khepkin,1,1,1,1,1,0,0,1,0,0,0,1
2016,3,1500000,20.0,21.035652,105.796113,Nhatang,2.34,120.18,Khepkin,0,0,0,0,0,0,0,0,0,0,0,0
2020,12,2800000,22.0,20.9690164,105.781294,Ccmn,5.8,50.0,Khepkin,1,1,1,1,0,1,0,1,0,1,1,0
2020,12,2300000,30.0,21.0364417,105.8676508,Nhatang,3.8,430.0,Khepkin,0,0,0,0,0,0,0,1,0,0,0,1
2020,12,3000000,30.0,21.0221606,105.771796,Ccmn,2.8,300.0,Khepkin,1,0,1,1,0,0,0,0,0,1,1,1
2021,1,2800000,30.0,20.9612688,105.793428,Nhatang,3.0,320.0,Khepkin,0,0,1,1,0,0,0,1,1,0,0,0
2021,1,1700000,17.0,21.0049802,105.8114114,Nhacap,3.6,350.0,Khepkin,1,0,0,0,0,0,0,0,0,0,0,1
2021,1,2400000,25.0,20.9654323,105.7894045,Nhatang,4.2,40.0,Khepkin,1,0,1,1,1,1,0,1,0,0,0,1
2021,1,1600000,25.0,21.0378383,105.7439194,Nhatang,2.6,60.0,KKK,1,0,0,0,0,0,0,1,0,0,0,1
2021,1,2900000,18.0,21.009968,105.809776,Ccmn,2.8,33.0,Khepkin,1,0,0,1,0,0,0,0,0,0,1,1
2021,1,1900000,25.0,21.0824613,105.7698299,Nhacap,2.8,500.0,Khepkin,1,0,1,1,0,0,0,1,0,0,0,1
2021,1,2500000,17.0,20.9868847,105.8397055,Nhatang,3.4,110.0,Khepkin,1,0,1,0,0,1,0,0,0,0,0,1
2021,1,3000000,17.0,21.0046193,105.8328982,Ccmn,3.6,50.0,Khepkin,1,0,1,1,1,0,0,0,0,0,1,0
2021,1,3500000,30.0,21.0233464,105.8036324,Nhatang,2.8,400.0,Khepkin,1,0,0,1,0,0,0,1,0,1,0,1
2021,1,1800000,33.0,20.9680138,105.7642068,Nhacap,3.4,550.0,Khepkin,0,0,0,0,0,0,0,0,1,0,0,1
2021,1,3300000,38.0,21.0668748,105.8105232,Nhatang,5.8,50.0,Khepkin,1,0,1,1,1,1,0,1,0,0,1,1
2021,1,3600000,25.0,21.0013484,105.8240315,Ccmn,6.2,20.0,Khepkin,1,0,1,1,1,1,0,0,0,0,1,1
2021,1,3000000,25.0,20.9768567,105.8359379,Nhatang,2.8,100.0,Khepkin,1,1,1,1,0,0,0,0,0,1,0,1
2021,1,3000000,40.0,20.9566651,105.7941141,Nhatang,3.2,80.0,Khepkin,1,0,1,0,0,0,0,1,1,0,0,0
2021,1,3300000,37.0,21.0668411,105.8107651,Ccmn,2.8,70.0,Khepkin,1,0,1,1,1,1,0,1,0,0,1,1
2021,1,3000000,33.0,21.0003326,105.8236921,Nhatang,1.8,400.0,Khepkin,0,0,1,1,0,0,0,0,0,0,0,0
2021,1,1700000,17.0,21.0383536,105.8291042,Nhacap,2.5,700.0,KKK,1,0,0,0,0,0,0,0,0,0,0,1
2021,1,3500000,23.0,21.0744987,105.8132979,Nhatang,4.26,60.87,Khepkin,1,0,1,0,1,0,0,0,0,1,0,0
2021,2,1800000,20.0,21.0180243,105.7757127,Nhacap,2.6,350.0,Khepkin,0,0,0,0,0,0,0,0,1,0,0,0
2021,1,3000000,30.0,20.9814692,105.8201286,Nhatang,3.6,700.0,Khepkin,1,1,1,0,0,0,0,0,1,1,0,0
2020,12,2600000,16.0,21.0377303,105.829739,Nhatang,2.6,700.0,Khepkin,0,0,0,0,0,1,0,1,0,0,0,1
2020,12,3700000,25.0,21.0359376,105.7915324,Nhatang,2.8,120.0,Khepkin,1,0,0,1,1,1,0,1,0,0,1,0
2020,12,3500000,55.0,21.0055267,105.7791327,Nhatang,3.2,13.0,Khepkin,0,0,1,1,0,0,0,1,0,0,1,1
2020,12,2800000,17.0,21.031292,105.8130625,Nhatang,2.8,300.0,Khepkin,1,0,0,1,0,0,0,0,1,0,1,1
2020,12,3500000,25.0,21.0357744,105.7895755,Nhatang,5.4,10.0,Khepkin,0,0,1,1,0,0,0,0,1,1,1,1
2020,12,2300000,30.0,20.9924766,105.8255307,Nhatang,2.8,600.0,Khepkin,1,0,1,1,0,0,0,0,0,0,1,1
2019,8,3000000,25.0,21.037415,105.795783,Nhatang,6.05,37.63,Khepkin,0,0,0,0,0,0,0,0,0,0,0,1
2020,12,3500000,30.0,21.0220419,105.8329688,Ccmn,2.9,180.0,Khepkin,1,0,1,1,0,1,0,1,0,0,0,1
2016,5,2000000,20.0,21.03774316,105.8038903848,Nhatang,3.85,175.15,Khepkin,0,0,0,0,0,0,0,0,0,0,0,0
2016,5,2000000,20.0,21.0031177,105.8201408,Nhatang,3.85,175.15,Khepkin,0,0,0,0,0,0,0,0,0,0,0,0
2016,4,1500000,17.0,21.037652,105.804506,Nhatang,3.65,212.15,Khepkin,0,0,0,0,0,0,0,0,0,0,0,1
2019,8,3000000,30.0,21.037233,105.803315,Nhatang,3.85,98.06,Khepkin,0,0,0,0,0,0,0,0,0,0,0,0
2019,8,1800000,15.0,21.039719,105.801376,Nhatang,3.64,169.12,Khepkin,1,1,0,0,0,0,0,0,0,0,0,1
2016,7,2000000,20.0,21.037212,105.795998,Nhatang,6.05,37.12,KKK,1,1,0,0,0,0,0,0,0,0,0,1
2017,12,3000000,30.0,21.036251,105.803663,Nhatang,2.65,40.75,Khepkin,1,0,0,1,0,0,0,0,0,0,1,1
2018,9,6000000,40.0,21.0369807,105.8031744,Ccmn,4.2,42.71,Khepkin,1,1,1,1,1,1,1,1,0,0,0,1
2019,6,3200000,25.0,21.0382005,105.804024199,Ccmn,3.85,201.15,Khepkin,1,0,0,1,0,0,0,0,0,0,0,1
2020,3,1700000,15.0,21.037771,105.802721,Nhatang,5.05,92.6,Khepkin,1,0,1,1,0,0,0,1,0,0,0,0
2020,12,4000000,30.0,21.03561705,105.80395318,Nhatang,7.38,2.0,Khepkin,1,1,0,1,1,0,0,0,1,0,0,1
2020,7,3000000,20.0,20.976043,105.783924,Nhatang,3.83,72.71,Khepkin,1,0,1,1,0,0,0,0,0,1,0,1
2017,9,2500000,25.0,20.983696,105.790193,Ccmn,3.6,102.89,Khepkin,0,0,0,0,0,0,0,1,0,0,0,0
2019,9,2800000,20.0,20.9837401,105.793963099,Nhatang,4.4,30.23,Khepkin,0,0,1,1,0,0,0,0,0,0,1,1
2019,8,1500000,11.0,20.982817,105.792389,Nhatang,3.34,200.23,Khepkin,1,0,1,0,0,0,0,0,0,0,0,1
2019,8,2000000,15.0,20.984473,105.791253,Nhatang,3.34,200.23,Khepkin,1,0,1,0,0,0,0,0,0,0,0,1
2020,1,4500000,50.0,20.9806805,105.7882882,Nhatang,3.11,279.23,Khepkin,0,0,1,1,0,0,0,0,0,0,1,1
2019,11,2000000,14.0,20.979128,105.789112,Nhatang,3.34,108.16,Khepkin,0,0,0,0,0,0,0,0,0,0,0,0
2020,12,3500000,20.0,20.9760146,105.784554,Ccmn,3.83,72.71,Khepkin,1,1,1,1,0,1,0,1,0,1,0,0
2020,9,3800000,30.0,21.015368,105.803172,Nhatang,5.0,26.9,Khepkin,0,0,0,0,0,0,0,0,0,0,0,0
2020,10,5500000,30.0,21.071845,105.814162,Nhatang,5.9,2.0,Khepkin,1,1,0,0,1,1,0,1,0,0,0,1
2020,10,5400000,30.0,21.071135,105.813719,Nhatang,5.9,2.0,Khepkin,1,1,0,0,0,0,0,0,0,0,0,1
2020,10,5300000,30.0,21.072116,105.813384,Nhatang,2.5,109.0,Khepkin,1,0,0,0,0,0,0,0,0,0,0,1
2020,10,2600000,25.0,21.029705,105.770685,Ccmn,5.3,120.51,Khepkin,1,0,1,1,0,0,0,1,0,1,0,1
2019,8,2600000,20.0,21.020041,105.819337,Nhatang,4.5,149.8,Khepkin,1,0,1,1,0,0,0,0,0,0,1,1
2019,8,2500000,20.0,20.97839,105.83379,Ccmn,2.5,111.3,Khepkin,0,0,0,1,0,1,0,0,1,0,0,0
2019,8,2000000,30.0,20.996017,105.818229,Nhatang,2.8,51.2,Khepkin,1,0,0,0,0,0,0,0,0,0,0,0
2019,8,3500000,35.0,21.015441,105.82561,Nhatang,3.5,103.0,Khepkin,1,0,0,0,0,0,0,0,0,0,1,1
2019,8,700000,14.0,20.945636,105.757747,Nhacap,2.2,87.0,Khepkin,0,0,0,0,0,0,0,0,0,0,0,1
2019,8,5000000,50.0,20.979451,105.816657,Nhatang,3.6,193.3,Khepkin,0,0,1,0,0,0,0,0,0,0,0,1
2019,8,2200000,25.0,20.987491,105.812125,Nhatang,2.5,91.04,Khepkin,0,0,1,1,0,0,0,1,1,0,0,1
2019,8,4500000,52.0,20.981767,105.844834,Nhatang,3.0,67.6,KKK,1,0,1,1,0,0,0,1,0,0,0,1
2019,8,1300000,16.0,20.986254,105.84414,Nhacap,2.9,80.4,Khepkin,1,0,0,0,0,0,0,0,0,0,0,1
2019,8,2500000,20.0,20.984506,105.839032,Nhatang,5.0,2.0,Khepkin,1,0,0,0,0,0,0,0,0,0,1,1
2019,8,3200000,20.0,21.002107,105.829039,Nhatang,3.4,64.0,Khepkin,1,1,1,1,0,1,0,0,0,0,0,1
2019,8,1500000,16.0,20.992407,105.805134,Nhatang,10.0,2.2,Khepkin,0,0,1,0,0,0,0,0,0,0,0,0
2019,8,2000000,20.0,20.970028,105.825674,Nhatang,14.0,2.0,Khepkin,0,0,1,0,0,0,0,0,0,0,0,1
2019,8,3000000,30.0,20.982597,105.787408,Nhatang,3.0,188.0,Khepkin,1,0,1,1,1,1,0,0,0,0,0,0
2019,8,1500000,15.0,21.001947,105.856717,Nhatang,2.5,82.2,Khepkin,0,0,0,0,0,0,0,0,0,0,0,1
2019,8,1500000,17.0,21.072265,105.792487,Nhatang,3.0,107.0,Khepkin,0,0,0,0,0,0,0,0,0,0,0,0
2019,8,3000000,45.0,20.98232,105.802078,Ccmn,1.9,130.0,Khepkin,0,0,1,0,0,0,0,1,0,0,0,1
2016,7,2000000,22.0,21.044709,105.804625,Nhatang,3.0,67.01,KKK,0,0,1,0,0,0,0,0,0,0,0,1
2019,11,1500000,25.0,21.045594,105.79106,Nhatang,1.7,40.5,Khepkin,0,0,0,0,0,0,0,0,0,0,1,0
2020,6,2700000,30.0,21.047073,105.798976,Nhatang,3.41,50.05,Khepkin,0,0,1,1,0,0,0,0,0,0,0,0
2020,7,2500000,23.0,21.048886,105.794483,Nhatang,4.49,275.05,Khepkin,0,0,0,1,0,0,0,0,0,0,0,1
2020,8,2600000,18.0,21.045392,105.803825,Nhatang,2.78,66.9,Khepkin,1,0,0,1,1,0,0,0,0,0,0,1
2020,11,1300000,10.0,21.045624,105.7833679,Nhatang,3.54,73.13,Khepkin,1,0,1,1,0,1,0,0,0,0,0,1
2020,9,2300000,17.0,21.04774,105.798617,Ccmn,3.56,146.8,Khepkin,0,0,1,1,0,0,0,1,0,0,0,0
2020,11,3800000,25.0,21.046901,105.78938,Nhatang,3.95,52.74,Khepkin,1,0,1,1,0,0,0,1,0,0,0,0
2020,12,3000000,25.0,21.047159,105.787359,Nhatang,2.56,84.95,Khepkin,1,0,1,0,0,0,0,0,0,0,1,1
2020,12,1500000,15.0,21.048168,105.788904,Nhatang,3.09,188.64,Khepkin,1,0,0,0,0,0,0,0,0,0,0,0
2020,12,1200000,14.0,21.048072,105.789423,Nhatang,3.09,188.64,KKK,1,0,0,0,0,0,0,0,0,0,0,0
2020,12,3000000,25.0,21.03481,105.796927,Nhatang,2.15,37.82,Khepkin,1,0,0,1,0,0,0,1,0,0,0,0
2020,12,4500000,30.0,21.036575,105.797999,Nhatang,13.22,4.01,Khepkin,1,1,0,0,0,0,0,0,0,1,0,1
2020,2,4800000,45.0,21.035099,105.798305,Nhatang,3.3,66.31,Khepkin,1,0,1,1,0,0,0,1,0,1,1,0
2020,12,3500000,25.0,21.016554,105.805022,Nhatang,3.0,30.01,Khepkin,0,0,0,0,0,0,0,1,0,0,0,0
2020,12,2300000,25.0,21.061389,105.779978,Nhatang,2.5,60.0,Khepkin,0,0,0,0,0,0,0,0,0,0,0,0
2020,12,2000000,20.0,20.994034,105.858132,Nhatang,2.5,117.6,Khepkin,0,0,0,0,0,0,0,0,0,0,0,1
2020,12,3000000,30.0,21.033098,105.827564,Nhatang,2.5,80.21,Khepkin,0,0,1,1,0,0,0,0,0,0,0,0
2020,12,3500000,25.0,20.970063,105.780518,Ccmn,7.5,2.0,Khepkin,1,1,1,1,0,1,0,1,0,1,1,0
2020,12,2300000,30.0,21.0365,105.867627,Nhatang,4.5,16.33,Khepkin,0,0,0,0,0,0,0,1,0,0,0,1
2020,12,3700000,20.0,20.989762,105.838411,Nhatang,4.3,117.0,Khepkin,1,0,1,1,0,0,0,1,1,1,0,1
2020,12,3000000,30.0,21.022209,105.773884,Ccmn,2.8,80.0,Khepkin,1,0,1,1,0,0,0,0,0,1,1,1
2021,1,2800000,30.0,20.963548,105.787785,Nhatang,2.9,79.0,Khepkin,0,0,1,1,0,0,0,1,1,0,0,0
2020,12,2000000,15.0,20.994222,105.856363,Nhatang,3.5,102.0,Khepkin,0,0,0,0,0,0,0,1,0,0,0,0
2021,1,1700000,17.0,21.040893,105.804392,Nhacap,3.0,100.21,Khepkin,0,0,0,0,0,0,0,0,0,0,0,0
2021,1,2400000,25.0,20.970983,105.787981,Nhatang,2.3,66.0,Khepkin,1,0,1,1,1,1,0,1,0,0,0,1
2021,1,1600000,20.0,21.035889,105.73882,Nhatang,3.0,50.0,Khepkin,1,0,0,0,0,0,0,1,0,0,0,1
2021,1,2000000,20.0,21.035889,105.73882,Ccmn,3.0,50.0,Khepkin,1,0,0,0,0,0,0,1,0,0,0,1
2021,1,1400000,20.0,21.035889,105.73882,Nhacap,3.0,50.0,Khepkin,1,0,0,0,0,0,0,1,0,0,0,1
2021,1,3000000,18.0,21.009737,105.809574,Ccmn,2.5,33.0,Khepkin,1,1,1,1,0,0,0,0,0,0,1,1
2021,1,1900000,25.0,21.08247,105.769869,Nhatang,5.0,2.0,Khepkin,1,0,1,1,0,0,0,1,0,0,0,1
2021,1,2500000,17.0,20.986813,105.839569,Nhatang,4.2,10.0,Khepkin,1,0,1,0,0,1,0,0,0,0,0,1
2021,1,3000000,17.0,21.003811,105.833089,Nhatang,2.5,66.3,Khepkin,1,0,1,1,1,0,0,0,0,0,0,0
2021,1,4000000,30.0,21.022296,105.80429,Ccmn,3.5,129.26,Khepkin,1,0,0,1,0,0,0,1,0,1,0,1
2021,1,1800000,33.0,20.967891,105.764238,Nhacap,5.5,2.0,Khepkin,0,0,0,0,0,0,0,0,1,0,0,1
2021,1,4000000,38.0,21.067246,105.809547,Nhatang,5.0,60.0,Khepkin,1,0,1,1,1,1,0,1,0,0,1,1
2021,1,2700000,19.0,21.037068,105.778701,Nhatang,2.8,10.0,Khepkin,1,0,0,0,1,0,0,1,0,0,0,0
2021,1,3200000,25.0,21.001375,105.824127,Nhatang,3.2,58.4,Khepkin,1,0,1,1,1,0,0,0,0,0,0,0
2021,1,3000000,25.0,20.972056,105.834419,Nhatang,2.2,82.0,Khepkin,1,1,1,1,0,0,0,0,0,1,0,1
2018,7,2500000,25.0,20.989549,105.839489,Nhatang,4.0,148.49,Khepkin,0,0,1,0,0,0,0,1,0,0,1,0
2017,12,1500000,15.0,20.993229,105.838977,Nhatang,4.38,41.23,Khepkin,0,0,1,0,0,0,0,0,0,0,0,0
2016,6,1400000,18.0,20.991759,105.839342,Nhacap,2.28,40.76,Khepkin,0,0,0,0,0,0,0,1,0,0,0,1
2016,4,2000000,25.0,20.989774,105.838381,Nhatang,3.4,72.95,Khepkin,1,0,0,0,0,0,0,1,0,0,0,0
2020,8,1800000,33.0,20.96803281,105.7643197,Nhacap,3.62,503.75,Khepkin,0,0,0,0,0,0,0,0,1,0,0,1
2020,5,5300000,53.0,20.991764,105.839632,Nhatang,2.5,52.03,Khepkin,1,0,1,1,0,0,0,0,0,0,1,0
2020,5,1600000,20.0,20.991631,105.839302,Nhacap,2.5,44.45,KKK,1,0,0,0,0,0,0,0,0,0,0,1
2020,5,5200000,53.0,20.991439,105.838744,Nhatang,2.3,250.72,Khepkin,1,0,0,1,0,0,0,0,0,0,0,0
2020,6,3200000,30.0,20.992354,105.838949,Nhatang,2.28,88.58,Khepkin,0,0,0,0,0,0,0,0,0,0,0,1
2019,8,4900000,51.0,20.989741,105.83803,Nhatang,2.5,72.95,Khepkin,1,1,1,0,1,0,0,0,0,0,0,0
2019,10,2000000,30.0,21.041332,105.788354,Nhacap,4.11,30.15,KKK,1,0,1,1,0,0,0,0,0,0,0,0
2019,10,2200000,18.0,21.040976,105.789163,Nhatang,2.86,70.27,Khepkin,1,0,1,1,0,0,0,0,0,0,0,1
2019,10,2000000,18.0,21.040383,105.78855,Nhatang,2.9,150.55,Khepkin,0,0,0,0,0,0,0,0,0,0,1,1
2016,10,2500000,23.0,21.044816,105.786283,Ccmn,2.51,16.23,Khepkin,1,0,1,0,0,0,1,0,0,0,0,1
2020,1,3100000,25.0,21.043655,105.784952,Ccmn,3.5,150.12,Khepkin,1,1,1,1,1,1,0,1,0,0,0,1
2018,9,4000000,30.0,21.044019,105.786059,Nhatang,3.73,9.6,Khepkin,1,0,1,1,0,0,0,0,0,0,1,1
2020,12,2200000,15.0,21.009876,105.781261,Nhatang,3.19,173.55,Khepkin,1,0,1,0,0,1,0,0,0,0,0,0
2020,12,2200000,15.0,21.009876,105.781261,Nhatang,3.59,280.55,Khepkin,0,0,1,0,0,1,0,0,0,0,0,0
2020,7,3100000,23.0,21.009679,105.78147,Ccmn,3.2,165.21,Khepkin,0,0,1,1,0,1,0,1,0,0,1,1
2021,1,1500000,20.0,21.003966,105.781993,Nhacap,2.2,43.76,Khepkin,0,0,0,0,0,0,0,0,1,0,0,0
2020,8,4000000,25.0,21.011646,105.780644,Ccmn,2.5,380.18,Khepkin,1,0,1,0,0,1,0,1,0,0,0,1
2020,4,3600000,35.0,21.0099571,105.7843298,Nhatang,2.39,250.65,Khepkin,1,1,1,0,0,0,0,1,0,0,1,1
2020,3,5000000,33.0,21.01039,105.782028,Ccmn,3.5,45.76,Khepkin,1,1,1,1,1,0,1,1,0,0,0,0
2018,3,4300000,25.0,21.00879,105.7820685,Ccmn,3.19,22.19,Khepkin,1,0,1,1,0,0,0,1,0,1,1,0
2020,12,4500000,28.0,21.034055,105.787688,Ccmn,4.09,113.35,Khepkin,1,1,0,1,1,1,0,1,0,0,1,0
2020,12,2800000,20.0,21.035305,105.787904,Nhatang,2.52,300.74,Khepkin,1,0,0,1,0,1,0,0,0,0,0,0
2020,10,4000000,25.0,21.030838,105.791972,Nhatang,7.48,5.74,Khepkin,1,0,1,1,0,0,1,1,0,0,0,1
2020,10,3500000,25.0,21.0321301,105.789222,Nhatang,3.9,34.21,Khepkin,0,0,1,1,0,0,1,0,0,1,0,0
2020,7,1600000,10.0,21.033337,105.786777,Nhatang,3.5,206.05,Khepkin,0,0,1,1,0,0,0,0,0,0,0,0
2017,7,1800000,18.0,21.035507,105.788429,Nhacap,2.39,71.92,Khepkin,1,0,1,0,1,0,0,1,0,0,0,1
2016,6,3800000,25.0,21.035827,105.788256,Ccmn,3.39,103.14,Khepkin,1,0,1,1,1,1,0,1,0,0,0,0
2016,5,2100000,20.0,21.0318504,105.787395,Nhacap,7.45,7.92,Khepkin,1,0,1,0,0,0,0,0,0,0,0,0
2019,8,2400000,16.0,21.035711,105.790231,Nhacap,3.25,70.6,Khepkin,1,0,0,1,0,0,1,0,0,0,0,1
2018,5,4500000,25.0,21.031818,105.789498,Nhatang,5.73,9.34,Khepkin,1,0,1,1,1,0,1,1,0,0,0,1
2020,3,3200000,27.0,21.030962,105.786037,Nhatang,5.73,25.07,Khepkin,1,0,1,1,0,0,0,1,0,1,0,1
2020,6,4000000,35.0,21.031409,105.785068,Nhatang,5.79,74.35,Khepkin,1,0,1,1,0,0,1,0,0,1,0,0
2020,7,4600000,35.0,21.031624,105.784044,Nhatang,6.45,66.28,Khepkin,1,1,1,1,0,0,0,1,0,1,0,0
2019,8,4000000,22.0,21.035037,105.778253,Ccmn,3.68,47.56,Khepkin,1,1,1,1,0,0,0,1,0,1,0,1
2020,12,2500000,25.0,21.033896,105.776683,Nhatang,5.0,315.73,Khepkin,0,0,1,1,0,0,0,0,0,0,0,0
2020,5,2000000,20.0,21.035472,105.775192,Nhatang,3.27,187.48,Khepkin,0,0,0,0,0,0,0,0,0,0,0,1
2019,11,1500000,20.0,21.033084,105.774937,Nhacap,2.0,140.89,Khepkin,1,0,1,1,1,1,0,1,0,0,0,1
2016,9,3200000,28.0,21.033557,105.775398,Ccmn,2.24,203.38,Khepkin,1,0,1,1,0,0,0,0,0,1,1,1
2020,10,4500000,40.0,21.031035,105.774062,Ccmn,5.47,28.74,Khepkin,1,1,1,1,0,0,0,1,0,0,0,1
2019,7,1800000,14.0,21.03294,105.770337,Nhatang,3.77,24.68,Khepkin,0,0,1,1,0,0,0,0,0,0,0,0
2020,7,5500000,50.0,21.016816,105.805405,Nhatang,2.58,160.49,Khepkin,1,1,1,1,0,0,0,1,0,0,1,1
2020,3,2000000,15.0,21.017219,105.808285,Nhatang,3.58,126.88,Khepkin,0,0,1,0,0,0,0,0,0,0,0,1
2020,8,3800000,30.0,21.017804,105.805368,Nhatang,2.98,133.97,Khepkin,1,1,1,1,1,1,0,0,0,0,0,1
2021,3,3400000,40.0,20.976926,105.82353,Ccmn,2.3,56.0,Khepkin,0,0,1,1,0,0,0,0,0,1,0,0
2020,3,1800000,18.0,21.017564,105.805634,Nhatang,2.63,77.15,Khepkin,1,1,1,0,1,1,0,1,0,0,0,0
2020,8,2500000,20.0,21.015592,105.805743,Nhatang,3.21,36.65,Khepkin,1,1,1,1,0,1,0,1,0,0,0,1
2020,8,2250000,25.0,21.018139,105.808516,Nhatang,2.28,94.69,KKK,1,0,1,0,1,0,1,0,0,0,0,1
2020,12,3800000,30.0,21.038952,105.82317,Nhatang,2.5,15.93,Khepkin,0,0,1,0,0,0,0,0,1,0,0,1
2020,5,1700000,20.0,21.045469,105.808712,Nhatang,2.56,176.35,KKK,0,0,0,0,0,0,0,0,0,0,0,0
2020,6,3000000,30.0,21.040988,105.820207,Nhatang,3.98,106.16,Khepkin,0,0,0,0,0,0,0,0,0,0,0,0
2021,3,2900000,32.0,20.997593,105.870475,Nhatang,2.2,150.8,Khepkin,0,0,0,0,0,0,0,0,1,0,0,1
2020,9,2500000,15.0,21.04499,105.812432,Nhatang,6.02,10.21,Khepkin,0,0,1,1,0,0,0,0,0,0,0,0
2020,9,2600000,25.0,21.04093261,105.8188819,Nhatang,2.66,137.03,Khepkin,1,1,1,1,1,1,0,1,0,0,1,1
2020,8,2500000,30.0,21.039613,105.826034,Nhacap,1.88,59.73,Khepkin,0,0,0,0,0,0,0,0,0,0,0,1
2020,6,1500000,15.0,21.046028,105.808374,Nhatang,2.3,128.23,KKK,1,0,0,0,0,0,0,1,0,0,0,1
2020,6,1500000,13.0,21.045025,105.811779,Nhatang,2.29,33.96,Khepkin,0,0,1,0,0,0,0,0,0,0,0,1
2020,9,1600000,10.0,21.009742,105.807258,Nhacap,2.8,73.0,Khepkin,1,0,1,0,0,0,0,1,1,0,0,1
2020,9,1300000,10.0,20.991646,105.863525,Nhatang,2.2,550.0,KKK,0,0,0,0,0,0,0,0,0,0,0,0
2021,3,750000,12.0,20.951019051,105.75745091,Nhatang,4.12,37.98,KKK,1,0,0,0,0,0,0,0,0,0,0,1
2020,9,1800000,18.0,20.962211,105.812951,Nhatang,2.2,122.0,KKK,1,0,1,0,1,1,0,0,0,0,1,1
2020,9,2700000,20.0,21.051503,105.8058931,Ccmn,2.4,100.0,Khepkin,1,0,1,1,0,0,0,1,0,0,0,1
2020,10,4000000,25.0,21.0107401,105.7995194,Ccmn,8.2,5.0,Khepkin,1,1,1,1,0,1,0,0,0,0,0,1
2020,9,3000000,25.0,21.0258247,105.842064547,Nhatang,9.0,5.0,Khepkin,0,0,1,1,0,0,0,0,1,0,0,0
2020,10,2200000,15.0,21.000861,105.820063,Nhatang,2.1,158.0,Khepkin,0,0,1,1,0,0,0,1,0,0,0,1
2020,9,3000000,20.0,21.015511,105.805678,Nhatang,5.2,30.0,Khepkin,1,1,1,1,0,1,0,1,0,0,0,1
2020,9,3500000,25.0,21.007686,105.818055,Nhatang,3.5,5.0,Khepkin,1,1,1,1,1,1,0,1,0,0,1,1
2020,9,3000000,22.0,20.997495,105.821833,Nhacap,5.0,5.0,Khepkin,1,0,1,1,0,1,0,0,0,0,1,0
2020,9,3500000,25.0,20.987559,105.8129422,Nhatang,7.2,5.0,Khepkin,1,1,1,1,1,1,0,1,0,0,0,0
2020,9,2300000,20.0,20.9689,105.785076,Nhatang,2.2,45.0,KKK,1,1,1,1,1,0,0,1,0,0,0,1
2020,9,2800000,22.0,20.978337,105.788668,Nhatang,3.5,96.0,Khepkin,1,1,1,1,0,1,0,0,0,0,1,0
2020,9,3300000,35.0,20.986502,105.791957,Nhatang,2.2,140.0,Khepkin,0,0,0,0,0,0,0,0,0,0,1,1
2020,9,3300000,35.0,20.999683,105.861033,Nhatang,2.2,50.0,Khepkin,0,0,1,1,0,0,0,1,0,0,0,0
2020,9,2400000,20.0,20.9687105,105.786235,Nhatang,5.8,5.0,KKK,1,1,1,1,0,1,0,1,0,0,0,1
2020,11,1500000,25.0,21.070436,105.854669,Nhacap,3.2,30.0,Khepkin,1,0,1,1,0,1,0,0,1,0,0,0
2020,10,2000000,20.0,21.0098434,105.806042,Nhatang,2.6,20.0,KKK,0,0,0,0,0,0,0,1,0,0,0,1
2020,11,2500000,28.0,20.956892,105.796977,Ccmn,2.2,33.0,Khepkin,0,0,0,0,0,0,0,0,1,0,0,0
2020,11,4000000,30.0,21.010926,105.817133,Nhatang,2.2,58.0,Khepkin,1,1,1,1,1,1,0,1,0,0,0,1
2020,11,4000000,28.0,21.0055267,105.7791327,Ccmn,14.0,20.0,Khepkin,1,0,1,1,1,0,0,1,0,1,0,0
2020,11,3000000,25.0,21.0426522,105.8474871,Nhatang,2.2,40.0,Khepkin,1,1,1,1,1,1,0,1,0,0,0,1
2020,10,2000000,14.0,21.088513,105.798585,Nhatang,2.2,50.0,Khepkin,0,0,1,1,0,1,0,0,0,0,0,0
2020,11,2800000,18.0,21.0325002,105.8476534,Nhatang,2.4,500.0,Khepkin,0,0,1,0,0,0,1,0,0,0,0,0
2020,11,2200000,13.0,21.0007205,105.853629,Nhatang,2.2,320.0,KKK,0,0,1,1,0,0,0,0,0,0,0,0
2020,10,4500000,26.0,21.0355536,105.8528836,Nhatang,5.03,200.0,Khepkin,1,1,1,1,1,0,0,0,0,0,0,0
2020,10,2800000,30.0,21.0499504,105.8422235,Nhatang,2.6,160.0,Khepkin,1,1,1,1,0,0,0,0,0,0,1,1
2020,10,3500000,17.0,21.0364733,105.8028875,Ccmn,6.4,5.0,Khepkin,1,1,1,1,0,1,0,1,0,0,0,0
2020,12,3800000,35.0,20.994142,105.776415,Ccmn,5.53,5.0,Khepkin,1,0,1,1,0,0,0,1,0,1,1,1
2020,12,2500000,22.0,21.077288,105.7738373,Nhatang,4.44,219.0,Khepkin,0,0,0,1,0,0,0,1,0,0,0,0
2020,12,3000000,30.0,21.0863576,105.8065808,Nhatang,8.6,8.0,Khepkin,0,0,1,1,0,0,0,0,0,0,0,0
2020,12,5000000,30.0,21.014561,105.840337,Nhatang,6.8,22.6,Khepkin,1,0,1,1,1,1,0,1,0,1,1,1
2020,12,2000000,32.0,20.933508,105.845249,Nhacap,5.2,112.0,Khepkin,0,0,0,0,0,0,0,0,0,0,0,0
2020,12,2500000,20.0,20.959237,105.820791,Nhatang,2.8,6.0,Khepkin,0,0,0,0,0,1,0,1,0,1,1,1
2020,12,2500000,40.0,20.956492,105.796681,Nhatang,7.6,4.0,Khepkin,0,0,0,0,0,0,0,1,0,0,0,1
2020,12,4000000,35.0,21.008657,105.812828,Ccmn,8.5,53.6,Khepkin,1,1,1,1,1,1,0,1,0,0,0,0
2020,12,6800000,60.0,21.009196,105.808173,Nhatang,3.2,4.9,Khepkin,1,1,0,1,1,1,0,1,0,0,0,0
2020,12,2000000,25.0,21.032966,105.802645,Nhatang,2.1,53.6,Khepkin,0,0,0,1,0,0,0,0,0,0,0,1
2020,12,4600000,30.0,21.046293,105.812353,Nhatang,7.8,53.6,Khepkin,1,0,1,1,1,1,0,0,0,0,0,0
2020,12,5000000,35.0,21.0182069,105.7792653,Ccmn,3.7,17.8,Khepkin,1,1,1,1,0,1,0,1,0,0,0,0
2020,12,3500000,25.0,20.9680938,105.7819472,Ccmn,7.9,5.0,Khepkin,1,1,1,1,0,1,0,0,0,1,1,0
2020,12,3000000,42.0,20.955657,105.757303,Nhacap,11.8,3.0,Khepkin,1,0,1,1,1,0,0,0,0,0,0,0
2021,4,2100000,20.0,21.047088,105.779942,Nhatang,2.5,116.3,Khepkin,1,0,1,1,1,0,0,0,0,0,0,0
2021,3,3200000,40.0,20.9766578954,105.8239199494,Nhatang,2.2,60.8,Khepkin,0,0,1,1,0,0,0,0,0,1,0,0
2021,3,3500000,35.0,20.9988360184,105.8708469269,Ccmn,2.5,50.6,Khepkin,0,0,0,0,0,0,0,0,1,0,0,1
